Year,Round,EventName,Circuit,DriverNumber,Abbreviation,FullName,TeamName,GridPosition,Position,Points,Status,QualifyingPosition,Q1_seconds,Q2_seconds,Q3_seconds,FP1_best_sec,FP2_best_sec,FP3_best_sec,AirTemp_mean,TrackTemp_mean,Humidity_mean,WindSpeed_mean,Rainfall,PointsClean,DNF,AvgPoints_L5,WinRate_L5,PodiumRate_L5,DNFRate_L5,SeasonWins,SeasonPoints
2025,1,Bahrain Grand Prix,Bahrain,1,VER,VER,Unknown,3,1,25,Finished,3,,,84.2003418003016,84.86968643103367,84.82922759728173,84.35330097477284,23.433133734215687,29.993078937577714,32.90418060840997,7.2437863228442,0,25,0,0.0,0.0,0.0,0.0,1,25.0
2025,1,Bahrain Grand Prix,Bahrain,11,GAS,GAS,Alpine,4,2,18,Finished,4,,,84.34341317867558,84.78851233720418,85.09420153531538,84.75706734947957,23.433133734215687,29.993078937577714,32.90418060840997,21.78651475469294,0,18,0,0.0,0.0,0.0,0.0,0,18.0
2025,1,Bahrain Grand Prix,Bahrain,13,TSU,TSU,RB,8,3,15,Finished,8,,,84.78793826766442,85.8912413663054,85.26547783700538,85.20128633748824,23.433133734215687,29.993078937577714,32.90418060840997,7.950086874296597,0,15,0,0.0,0.0,0.0,0.0,0,15.0
2025,1,Bahrain Grand Prix,Bahrain,6,HAM,HAM,Mercedes,9,4,12,Finished,9,,,84.94965937313962,85.34870610521453,85.20921398691898,85.19185787802144,23.433133734215687,29.993078937577714,32.90418060840997,21.518264581408587,0,12,0,0.0,0.0,0.0,0.0,0,12.0
2025,1,Bahrain Grand Prix,Bahrain,2,NOR,NOR,McLaren,2,5,10,Finished,2,,,84.0893332140808,84.7650031169147,84.34480868141031,84.19327262938096,23.433133734215687,29.993078937577714,32.90418060840997,23.57274259781298,0,10,0,0.0,0.0,0.0,0.0,0,10.0
2025,1,Bahrain Grand Prix,Bahrain,4,PIA,PIA,McLaren,11,6,8,Finished,11,,84.55739931914634,,,,,23.433133734215687,29.993078937577714,32.90418060840997,24.294552068024018,0,8,0,0.0,0.0,0.0,0.0,0,8.0
2025,1,Bahrain Grand Prix,Bahrain,3,LEC,LEC,Ferrari,7,7,6,Finished,7,,,84.61237782720313,85.16873427214286,84.73819869035131,84.93668177749409,23.433133734215687,29.993078937577714,32.90418060840997,1.2869687812497337,0,6,0,0.0,0.0,0.0,0.0,0,6.0
2025,1,Bahrain Grand Prix,Bahrain,8,PER,PER,Force India,6,8,4,Finished,6,,,84.56806812079712,85.11884993861007,85.30385424097378,84.72587097159726,23.433133734215687,29.993078937577714,32.90418060840997,12.236319006939075,0,4,0,0.0,0.0,0.0,0.0,0,4.0
2025,1,Bahrain Grand Prix,Bahrain,14,RIC,RIC,Red Bull Racing,10,9,2,Finished,10,,,85.0948415883957,85.60871537798886,85.704593032424,85.31034399811936,23.433133734215687,29.993078937577714,32.90418060840997,15.838242769022367,0,2,0,0.0,0.0,0.0,0.0,0,2.0
2025,1,Bahrain Grand Prix,Bahrain,9,ALO,ALO,McLaren,1,10,1,Finished,1,,,83.99920599712257,84.78140321278985,84.16240883616067,84.42509212013773,23.433133734215687,29.993078937577714,32.90418060840997,4.662962759996356,0,1,0,0.0,0.0,0.0,0.0,0,1.0
2025,1,Bahrain Grand Prix,Bahrain,18,ZHO,ZHO,Kick Sauber,14,11,0,Finished,14,,84.57411124406947,,,,,23.433133734215687,29.993078937577714,32.90418060840997,16.129319760236246,0,0,0,0.0,0.0,0.0,0.0,0,0.0
2025,1,Bahrain Grand Prix,Bahrain,16,BOT,BOT,Kick Sauber,19,12,0,Finished,19,85.13892013656813,,,,,,23.433133734215687,29.993078937577714,32.90418060840997,3.4380236036498313,0,0,0,0.0,0.0,0.0,0.0,0,0.0
2025,1,Bahrain Grand Prix,Bahrain,7,RUS,RUS,Mercedes,5,13,0,Finished,5,,,84.41779854412165,85.55002280057236,85.13193609148834,84.58387227659347,23.433133734215687,29.993078937577714,32.90418060840997,20.430555005030396,0,0,0,0.0,0.0,0.0,0.0,0,0.0
2025,1,Bahrain Grand Prix,Bahrain,17,MAG,MAG,Haas F1 Team,13,14,0,Finished,13,,84.55302560000482,,,,,23.433133734215687,29.993078937577714,32.90418060840997,22.430393948833167,0,0,0,0.0,0.0,0.0,0.0,0,0.0
2025,1,Bahrain Grand Prix,Bahrain,5,SAI,SAI,Toro Rosso,12,15,0,Finished,12,,84.58212281552751,,,,,23.433133734215687,29.993078937577714,32.90418060840997,22.177160606627933,0,0,0,0.0,0.0,0.0,0.0,0,0.0
2025,1,Bahrain Grand Prix,Bahrain,19,ALB,ALB,Williams,18,16,0,Finished,18,85.21603804812175,,,,,,23.433133734215687,29.993078937577714,32.90418060840997,22.463854713176982,0,0,0,0.0,0.0,0.0,0.0,0,0.0
2025,1,Bahrain Grand Prix,Bahrain,12,OCO,OCO,Force India,16,17,0,Finished,16,85.18671302421302,,,,,,23.433133734215687,29.993078937577714,32.90418060840997,16.299031487565014,0,0,0,0.0,0.0,0.0,0.0,0,0.0
2025,1,Bahrain Grand Prix,Bahrain,10,STR,STR,Williams,17,18,0,Finished,17,85.12626759073352,,,,,,23.433133734215687,29.993078937577714,32.90418060840997,18.662285127950604,0,0,0,0.0,0.0,0.0,0.0,0,0.0
2025,1,Bahrain Grand Prix,Bahrain,15,HUL,HUL,Haas F1 Team,15,19,0,+1 Lap,15,,84.61729748227731,,,,,23.433133734215687,29.993078937577714,32.90418060840997,6.630059192043136,0,0,0,0.0,0.0,0.0,0.0,0,0.0
2025,1,Bahrain Grand Prix,Bahrain,20,SAR,SAR,Williams,20,20,0,+1 Lap,20,85.1938955314313,,,,,,23.433133734215687,29.993078937577714,32.90418060840997,15.778465649931572,0,0,0,0.0,0.0,0.0,0.0,0,0.0
2025,2,Saudi Arabia Grand Prix,Saudi Arabia,6,HAM,HAM,Mercedes,17,1,25,Finished,17,86.32935088464805,,,,,,54.68462249336703,64.60979943155567,39.76214938990223,4.330046747750379,0,25,0,12.0,0.0,0.0,0.0,1,37.0
2025,2,Saudi Arabia Grand Prix,Saudi Arabia,5,SAI,SAI,Toro Rosso,11,2,18,Finished,11,,85.74145342163074,,,,,54.68462249336703,64.60979943155567,39.76214938990223,1.132600244301113,0,18,0,0.0,0.0,0.0,0.0,0,18.0
2025,2,Saudi Arabia Grand Prix,Saudi Arabia,2,NOR,NOR,McLaren,6,3,15,Finished,6,,,85.76037265052192,86.51319528324399,86.45991553935374,86.10678478475045,54.68462249336703,64.60979943155567,39.76214938990223,1.764218685010746,0,15,0,10.0,0.0,0.0,0.0,0,25.0
2025,2,Saudi Arabia Grand Prix,Saudi Arabia,7,RUS,RUS,Mercedes,10,4,12,Finished,10,,,86.1252872329121,87.00346458329778,86.24384515029124,86.43888624448516,54.68462249336703,64.60979943155567,39.76214938990223,14.386854446896974,0,12,0,0.0,0.0,0.0,0.0,0,12.0
2025,2,Saudi Arabia Grand Prix,Saudi Arabia,9,ALO,ALO,McLaren,18,5,10,Finished,18,86.39788272792799,,,,,,54.68462249336703,64.60979943155567,39.76214938990223,24.029764095597855,0,10,0,1.0,0.0,0.0,0.0,0,11.0
2025,2,Saudi Arabia Grand Prix,Saudi Arabia,3,LEC,LEC,Ferrari,4,6,8,Finished,4,,,85.4132090990062,86.52802467676665,85.6502628933587,85.49442168440002,54.68462249336703,64.60979943155567,39.76214938990223,0.4555456412887432,0,8,0,6.0,0.0,0.0,0.0,0,14.0
2025,2,Saudi Arabia Grand Prix,Saudi Arabia,4,PIA,PIA,McLaren,3,R,0,Retired,3,,,85.35396139366867,85.71803117728288,85.6772443348743,85.78415528360492,54.68462249336703,64.60979943155567,39.76214938990223,20.361712064723395,0,0,1,8.0,0.0,0.0,0.0,0,8.0
2025,2,Saudi Arabia Grand Prix,Saudi Arabia,8,PER,PER,Force India,1,8,4,Finished,1,,,85.07781373816645,85.63148303546251,85.26052911750162,85.44134546258033,54.68462249336703,64.60979943155567,39.76214938990223,21.936800338176322,0,4,0,4.0,0.0,0.0,0.0,0,8.0
2025,2,Saudi Arabia Grand Prix,Saudi Arabia,1,VER,VER,Unknown,7,9,2,Finished,7,,,85.85523620371283,86.40906731902702,86.07944388435864,86.24301284195123,54.68462249336703,64.60979943155567,39.76214938990223,24.76262855001683,0,2,0,25.0,1.0,1.0,0.0,1,27.0
2025,2,Saudi Arabia Grand Prix,Saudi Arabia,10,STR,STR,Williams,5,10,1,Finished,5,,,85.60790687263622,86.2792627818565,85.96831953269117,86.00729270497013,54.68462249336703,64.60979943155567,39.76214938990223,23.268933140089118,0,1,0,0.0,0.0,0.0,0.0,0,1.0
2025,2,Saudi Arabia Grand Prix,Saudi Arabia,14,RIC,RIC,Red Bull Racing,15,11,0,Finished,15,,85.69183765879791,,,,,54.68462249336703,64.60979943155567,39.76214938990223,12.631309311196429,0,0,0,2.0,0.0,0.0,0.0,0,2.0
2025,2,Saudi Arabia Grand Prix,Saudi Arabia,12,OCO,OCO,Force India,9,12,0,Finished,9,,,86.10667279303875,87.15048451253573,86.43070751376018,86.55965824586204,54.68462249336703,64.60979943155567,39.76214938990223,0.270941287007459,0,0,0,0.0,0.0,0.0,0.0,0,0.0
2025,2,Saudi Arabia Grand Prix,Saudi Arabia,15,HUL,HUL,Haas F1 Team,13,13,0,Finished,13,,85.71893003658369,,,,,54.68462249336703,64.60979943155567,39.76214938990223,7.3302692924516135,0,0,0,0.0,0.0,0.0,0.0,0,0.0
2025,2,Saudi Arabia Grand Prix,Saudi Arabia,17,MAG,MAG,Haas F1 Team,20,14,0,Finished,20,86.29491313569721,,,,,,54.68462249336703,64.60979943155567,39.76214938990223,19.740453569863845,0,0,0,0.0,0.0,0.0,0.0,0,0.0
2025,2,Saudi Arabia Grand Prix,Saudi Arabia,13,TSU,TSU,RB,14,15,0,Finished,14,,85.70210938031693,,,,,54.68462249336703,64.60979943155567,39.76214938990223,8.772875313801967,0,0,0,15.0,0.0,1.0,0.0,0,15.0
2025,2,Saudi Arabia Grand Prix,Saudi Arabia,19,ALB,ALB,Williams,2,16,0,Finished,2,,,85.18683154409985,85.59219185888469,85.38692572153683,85.5795113283727,54.68462249336703,64.60979943155567,39.76214938990223,2.5280669030697562,0,0,0,0.0,0.0,0.0,0.0,0,0.0
2025,2,Saudi Arabia Grand Prix,Saudi Arabia,11,GAS,GAS,Alpine,16,17,0,Finished,16,86.3174197132258,,,,,,54.68462249336703,64.60979943155567,39.76214938990223,2.120942852129798,0,0,0,18.0,0.0,1.0,0.0,0,18.0
2025,2,Saudi Arabia Grand Prix,Saudi Arabia,18,ZHO,ZHO,Kick Sauber,8,18,0,Finished,8,,,85.92244399194443,87.11041961259549,86.28443354897372,86.13923295812454,54.68462249336703,64.60979943155567,39.76214938990223,23.681214434596466,0,0,0,0.0,0.0,0.0,0.0,0,0.0
2025,2,Saudi Arabia Grand Prix,Saudi Arabia,16,BOT,BOT,Kick Sauber,19,19,0,+1 Lap,19,86.25961506568413,,,,,,54.68462249336703,64.60979943155567,39.76214938990223,2.7799370576537834,0,0,0,0.0,0.0,0.0,0.0,0,0.0
2025,2,Saudi Arabia Grand Prix,Saudi Arabia,20,SAR,SAR,Williams,12,20,0,+1 Lap,12,,85.69204936137368,,,,,54.68462249336703,64.60979943155567,39.76214938990223,2.970447906701798,0,0,0,0.0,0.0,0.0,1.0,0,0.0
2025,3,Australia Grand Prix,Australia,2,NOR,NOR,McLaren,5,1,25,Finished,5,,,82.70064916481351,83.39437659463486,83.43356025095913,82.907364124974,40.60655638285664,51.440244033828236,78.10862742372709,19.591325318528575,1,25,0,12.5,0.0,0.5,0.0,1,50.0
2025,3,Australia Grand Prix,Australia,4,PIA,PIA,McLaren,6,2,18,Finished,6,,,82.9476576406434,83.60454614473254,83.48311833080291,83.38572130957944,40.60655638285664,51.440244033828236,78.10862742372709,3.676837023225948,1,18,0,4.0,0.0,0.0,0.5,0,26.0
2025,3,Australia Grand Prix,Australia,1,VER,VER,Unknown,7,3,15,Finished,7,,,83.00929535861873,83.54171530808779,83.4306903879855,83.5003100174972,40.60655638285664,51.440244033828236,78.10862742372709,8.218790257187706,1,15,0,13.5,0.5,0.5,0.0,1,42.0
2025,3,Australia Grand Prix,Australia,14,RIC,RIC,Red Bull Racing,12,4,12,Finished,12,,82.92970436044894,,,,,40.60655638285664,51.440244033828236,78.10862742372709,3.201145973944311,1,12,0,1.0,0.0,0.0,0.0,0,14.0
2025,3,Australia Grand Prix,Australia,17,MAG,MAG,Haas F1 Team,3,5,10,Finished,3,,,82.48583401277024,83.09693456776172,83.21358589970446,82.74911675088853,40.60655638285664,51.440244033828236,78.10862742372709,4.307996780040746,1,10,0,0.0,0.0,0.0,0.0,0,10.0
2025,3,Australia Grand Prix,Australia,5,SAI,SAI,Toro Rosso,1,6,8,Finished,1,,,82.30939101996105,82.78245113688885,82.43799905134759,82.43541179834352,40.60655638285664,51.440244033828236,78.10862742372709,4.42526210691867,1,8,0,9.0,0.0,0.5,0.0,0,26.0
2025,3,Australia Grand Prix,Australia,3,LEC,LEC,Ferrari,11,R,0,Retired,11,,82.8181796455025,,,,,40.60655638285664,51.440244033828236,78.10862742372709,19.985259972726066,1,0,1,7.0,0.0,0.0,0.0,0,14.0
2025,3,Australia Grand Prix,Australia,7,RUS,RUS,Mercedes,10,8,4,Finished,10,,,83.3622227760076,84.22733312654941,83.51945409837181,83.80533315685565,40.60655638285664,51.440244033828236,78.10862742372709,1.5269489963715936,1,4,0,6.0,0.0,0.0,0.0,0,16.0
2025,3,Australia Grand Prix,Australia,9,ALO,ALO,McLaren,2,9,2,Finished,2,,,82.44393825954815,83.41737198089344,82.67310297309761,82.58814545504967,40.60655638285664,51.440244033828236,78.10862742372709,12.113074629775532,1,2,0,5.5,0.0,0.0,0.0,0,13.0
2025,3,Australia Grand Prix,Australia,11,GAS,GAS,Alpine,14,10,1,Finished,14,,82.85886590283735,,,,,40.60655638285664,51.440244033828236,78.10862742372709,0.9170800722649475,1,1,0,9.0,0.0,0.5,0.0,0,19.0
2025,3,Australia Grand Prix,Australia,6,HAM,HAM,Mercedes,9,11,0,Finished,9,,,83.28394017265927,84.38962632657775,83.74211438214024,83.57339124102866,40.60655638285664,51.440244033828236,78.10862742372709,11.185309170586367,1,0,0,18.5,0.5,0.5,0.0,1,37.0
2025,3,Australia Grand Prix,Australia,12,OCO,OCO,Force India,19,12,0,Finished,19,83.43060793821634,,,,,,40.60655638285664,51.440244033828236,78.10862742372709,0.5017799444431592,1,0,0,0.0,0.0,0.0,0.0,0,0.0
2025,3,Australia Grand Prix,Australia,19,ALB,ALB,Williams,13,13,0,Finished,13,,82.83682095731679,,,,,40.60655638285664,51.440244033828236,78.10862742372709,16.97755797861224,1,0,0,0.0,0.0,0.0,0.0,0,0.0
2025,3,Australia Grand Prix,Australia,8,PER,PER,Force India,15,14,0,Finished,15,,82.85716542165848,,,,,40.60655638285664,51.440244033828236,78.10862742372709,14.671027950521978,1,0,0,4.0,0.0,0.0,0.0,0,8.0
2025,3,Australia Grand Prix,Australia,13,TSU,TSU,RB,4,15,0,Finished,4,,,82.63226390660918,83.04708617912519,82.93090704066829,82.84565093998857,40.60655638285664,51.440244033828236,78.10862742372709,14.269457616722796,1,0,0,7.5,0.0,0.5,0.0,0,15.0
2025,3,Australia Grand Prix,Australia,15,HUL,HUL,Haas F1 Team,17,16,0,Finished,17,83.58480637994195,,,,,,40.60655638285664,51.440244033828236,78.10862742372709,2.5445618155100935,1,0,0,0.0,0.0,0.0,0.0,0,0.0
2025,3,Australia Grand Prix,Australia,10,STR,STR,Williams,18,17,0,Finished,18,83.46239749479425,,,,,,40.60655638285664,51.440244033828236,78.10862742372709,22.41913561566063,1,0,0,0.5,0.0,0.0,0.0,0,1.0
2025,3,Australia Grand Prix,Australia,16,BOT,BOT,Kick Sauber,16,18,0,Finished,16,83.45232451314887,,,,,,40.60655638285664,51.440244033828236,78.10862742372709,2.8009725542013086,1,0,0,0.0,0.0,0.0,0.0,0,0.0
2025,3,Australia Grand Prix,Australia,18,ZHO,ZHO,Kick Sauber,8,19,0,+1 Lap,8,,,83.14549421972346,84.22445063302804,83.81744466938795,83.31155049189368,40.60655638285664,51.440244033828236,78.10862742372709,16.716080498110774,1,0,0,0.0,0.0,0.0,0.0,0,0.0
2025,3,Australia Grand Prix,Australia,20,SAR,SAR,Williams,20,20,0,+1 Lap,20,83.48478955901439,,,,,,40.60655638285664,51.440244033828236,78.10862742372709,19.23732332979842,1,0,0,0.0,0.0,0.0,1.0,0,0.0
2025,4,Japan Grand Prix,Japan,7,RUS,RUS,Mercedes,13,1,25,Finished,13,,85.31619682689485,,,,,23.054563804272796,33.130667591117344,42.12048662075401,17.416270596922306,0,25,0,5.333333333333333,0.0,0.0,0.0,1,41.0
2025,4,Japan Grand Prix,Japan,14,RIC,RIC,Red Bull Racing,9,2,18,Finished,9,,,85.55907807519301,86.68932751825258,86.15414511921239,85.67772064450443,23.054563804272796,33.130667591117344,42.12048662075401,15.167876159571398,0,18,0,4.666666666666667,0.0,0.0,0.0,0,32.0
2025,4,Japan Grand Prix,Japan,1,VER,VER,Unknown,6,3,15,Finished,6,,,85.25763669297959,86.3985670062717,86.00553465201433,85.51051441011145,23.054563804272796,33.130667591117344,42.12048662075401,24.621029974058363,0,15,0,14.0,0.3333333333333333,0.6666666666666666,0.0,1,57.0
2025,4,Japan Grand Prix,Japan,5,SAI,SAI,Toro Rosso,7,4,12,Finished,7,,,85.29346060085676,86.3484688786581,85.48072447769904,85.75783944803457,23.054563804272796,33.130667591117344,42.12048662075401,12.970951428151803,0,12,0,8.666666666666666,0.0,0.3333333333333333,0.0,0,38.0
2025,4,Japan Grand Prix,Japan,11,GAS,GAS,Alpine,10,R,0,Retired,10,,,85.60621064272542,85.95549611766525,85.94084871187755,86.01749469459452,23.054563804272796,33.130667591117344,42.12048662075401,8.337479292278605,0,0,1,6.333333333333333,0.0,0.3333333333333333,0.0,0,19.0
2025,4,Japan Grand Prix,Japan,2,NOR,NOR,McLaren,3,6,8,Finished,3,,,84.89509124069244,85.55344306492428,85.37126816274899,85.35902626807818,23.054563804272796,33.130667591117344,42.12048662075401,8.673830047405692,0,8,0,16.666666666666668,0.3333333333333333,0.6666666666666666,0.0,1,58.0
2025,4,Japan Grand Prix,Japan,6,HAM,HAM,Mercedes,15,7,6,Finished,15,,85.1771199929495,,,,,23.054563804272796,33.130667591117344,42.12048662075401,12.459194318486993,0,6,0,12.333333333333334,0.3333333333333333,0.3333333333333333,0.0,1,43.0
2025,4,Japan Grand Prix,Japan,4,PIA,PIA,McLaren,14,8,4,Finished,14,,85.27736030417847,,,,,23.054563804272796,33.130667591117344,42.12048662075401,15.80660719798826,0,4,0,8.666666666666666,0.0,0.3333333333333333,0.3333333333333333,0,30.0
2025,4,Japan Grand Prix,Japan,8,PER,PER,Force India,5,9,2,Finished,5,,,85.06315368029182,85.4399683815626,85.86096565658399,85.33914143494088,23.054563804272796,33.130667591117344,42.12048662075401,1.6769119347106871,0,2,0,2.6666666666666665,0.0,0.0,0.0,0,10.0
2025,4,Japan Grand Prix,Japan,3,LEC,LEC,Ferrari,4,10,1,Finished,4,,,84.90964819156434,85.8846126149236,85.15658210673125,85.36377262181267,23.054563804272796,33.130667591117344,42.12048662075401,4.767193016591664,0,1,0,4.666666666666667,0.0,0.0,0.3333333333333333,0,15.0
2025,4,Japan Grand Prix,Japan,12,OCO,OCO,Force India,11,11,0,Finished,11,,85.1922715644032,,,,,23.054563804272796,33.130667591117344,42.12048662075401,13.109756733189501,0,0,0,0.0,0.0,0.0,0.0,0,0.0
2025,4,Japan Grand Prix,Japan,10,STR,STR,Williams,2,12,0,Finished,2,,,84.69217223706866,85.38885870931307,85.07270637968139,84.99401038615736,23.054563804272796,33.130667591117344,42.12048662075401,4.548203262381778,0,0,0,0.3333333333333333,0.0,0.0,0.0,0,1.0
2025,4,Japan Grand Prix,Japan,16,BOT,BOT,Kick Sauber,19,13,0,Finished,19,85.70945852623095,,,,,,23.054563804272796,33.130667591117344,42.12048662075401,17.899305721184938,0,0,0,0.0,0.0,0.0,0.0,0,0.0
2025,4,Japan Grand Prix,Japan,13,TSU,TSU,RB,12,14,0,Finished,12,,85.15501839353446,,,,,23.054563804272796,33.130667591117344,42.12048662075401,16.79731858996821,0,0,0,5.0,0.0,0.3333333333333333,0.0,0,15.0
2025,4,Japan Grand Prix,Japan,19,ALB,ALB,Williams,16,15,0,Finished,16,85.76243801193723,,,,,,23.054563804272796,33.130667591117344,42.12048662075401,18.05667329639148,0,0,0,0.0,0.0,0.0,0.0,0,0.0
2025,4,Japan Grand Prix,Japan,15,HUL,HUL,Haas F1 Team,1,16,0,Finished,1,,,84.61348421036313,85.68361103165878,85.29463811556002,84.84221679869142,23.054563804272796,33.130667591117344,42.12048662075401,5.1246073853955245,0,0,0,0.0,0.0,0.0,0.0,0,0.0
2025,4,Japan Grand Prix,Japan,9,ALO,ALO,McLaren,8,R,0,Retired,8,,,85.45763327823275,85.7693350093924,85.61748924983088,85.60118209304846,23.054563804272796,33.130667591117344,42.12048662075401,4.535885877244933,0,0,1,4.333333333333333,0.0,0.0,0.0,0,13.0
2025,4,Japan Grand Prix,Japan,17,MAG,MAG,Haas F1 Team,17,18,0,Finished,17,85.77533644155517,,,,,,23.054563804272796,33.130667591117344,42.12048662075401,8.5454337924469,0,0,0,3.3333333333333335,0.0,0.0,0.0,0,10.0
2025,4,Japan Grand Prix,Japan,18,ZHO,ZHO,Kick Sauber,20,19,0,+1 Lap,20,85.75164860648145,,,,,,23.054563804272796,33.130667591117344,42.12048662075401,13.801179521299506,0,0,0,0.0,0.0,0.0,0.0,0,0.0
2025,4,Japan Grand Prix,Japan,20,SAR,SAR,Williams,18,20,0,+1 Lap,18,85.7094015501322,,,,,,23.054563804272796,33.130667591117344,42.12048662075401,3.5028293941613136,0,0,0,0.0,0.0,0.0,1.0,0,0.0
2025,5,China Grand Prix,China,1,VER,VER,Unknown,11,1,25,Finished,11,,80.83883236965949,,,,,35.747851652081465,48.74640421155462,51.260675223461675,1.6339085199735592,0,25,0,14.25,0.25,0.75,0.0,2,82.0
2025,5,China Grand Prix,China,5,SAI,SAI,Toro Rosso,13,2,18,Finished,13,,80.84509857485767,,,,,35.747851652081465,48.74640421155462,51.260675223461675,15.647284410925227,0,18,0,9.5,0.0,0.25,0.0,0,56.0
2025,5,China Grand Prix,China,4,PIA,PIA,McLaren,8,R,0,Retired,8,,,81.11123919166587,81.62090271894414,81.22831973875545,81.5527836849213,35.747851652081465,48.74640421155462,51.260675223461675,21.867541817104986,0,0,1,7.5,0.0,0.25,0.25,0,30.0
2025,5,China Grand Prix,China,2,NOR,NOR,McLaren,7,4,12,Finished,7,,,81.01614241285604,81.79218583348053,81.77348980181507,81.42559486895419,35.747851652081465,48.74640421155462,51.260675223461675,8.767795386292754,0,12,0,14.5,0.25,0.5,0.0,1,70.0
2025,5,China Grand Prix,China,3,LEC,LEC,Ferrari,17,5,10,Finished,17,81.42951987402509,,,,,,35.747851652081465,48.74640421155462,51.260675223461675,19.206835346612955,0,10,0,3.75,0.0,0.0,0.25,0,25.0
2025,5,China Grand Prix,China,10,STR,STR,Williams,3,6,8,Finished,3,,,80.55693107863853,81.23292118258912,80.95188098023247,80.93884311435353,35.747851652081465,48.74640421155462,51.260675223461675,2.7618528282848667,0,8,0,0.25,0.0,0.0,0.0,0,9.0
2025,5,China Grand Prix,China,6,HAM,HAM,Mercedes,4,R,0,Retired,4,,,80.56677916058973,81.13345646900012,80.83030458632467,80.6357210959261,35.747851652081465,48.74640421155462,51.260675223461675,24.693059743400788,0,0,1,10.75,0.25,0.25,0.0,1,43.0
2025,5,China Grand Prix,China,7,RUS,RUS,Mercedes,5,8,4,Finished,5,,,80.70381110317174,81.38880692353402,81.07283975618353,81.05965238038362,35.747851652081465,48.74640421155462,51.260675223461675,23.749029598755634,0,4,0,10.25,0.25,0.25,0.0,1,45.0
2025,5,China Grand Prix,China,8,PER,PER,Force India,2,9,2,Finished,2,,,80.41993007697018,81.57018889703244,80.84711113484508,80.74596520211499,35.747851652081465,48.74640421155462,51.260675223461675,24.779215653424412,0,2,0,2.5,0.0,0.0,0.0,0,12.0
2025,5,China Grand Prix,China,11,GAS,GAS,Alpine,19,10,1,Finished,19,81.44771785037757,,,,,,35.747851652081465,48.74640421155462,51.260675223461675,12.817212775412715,0,1,0,4.75,0.0,0.25,0.25,0,20.0
2025,5,China Grand Prix,China,9,ALO,ALO,McLaren,15,11,0,Finished,15,,80.82867018181854,,,,,35.747851652081465,48.74640421155462,51.260675223461675,1.4460669140849092,0,0,0,3.25,0.0,0.0,0.25,0,13.0
2025,5,China Grand Prix,China,13,TSU,TSU,RB,20,12,0,Finished,20,81.428697363731,,,,,,35.747851652081465,48.74640421155462,51.260675223461675,4.347381230487183,0,0,0,3.75,0.0,0.25,0.0,0,15.0
2025,5,China Grand Prix,China,12,OCO,OCO,Force India,6,13,0,Finished,6,,,80.91737735095069,81.8437959071991,81.12510448538859,81.33450225719646,35.747851652081465,48.74640421155462,51.260675223461675,5.595440370565577,0,0,0,0.0,0.0,0.0,0.0,0,0.0
2025,5,China Grand Prix,China,17,MAG,MAG,Haas F1 Team,10,14,0,Finished,10,,,81.31772732928113,82.1010043098852,81.83278528367032,81.62876612280814,35.747851652081465,48.74640421155462,51.260675223461675,21.93652156575951,0,0,0,2.5,0.0,0.0,0.0,0,10.0
2025,5,China Grand Prix,China,15,HUL,HUL,Haas F1 Team,18,15,0,Finished,18,81.42378985960204,,,,,,35.747851652081465,48.74640421155462,51.260675223461675,16.381049515975544,0,0,0,0.0,0.0,0.0,0.0,0,0.0
2025,5,China Grand Prix,China,14,RIC,RIC,Red Bull Racing,1,16,0,Finished,1,,,80.24504911863366,81.04082075218189,80.40593985057164,80.47885306451548,35.747851652081465,48.74640421155462,51.260675223461675,6.493844594008155,0,0,0,8.0,0.0,0.25,0.0,0,32.0
2025,5,China Grand Prix,China,19,ALB,ALB,Williams,14,17,0,Finished,14,,80.8589008323874,,,,,35.747851652081465,48.74640421155462,51.260675223461675,21.280172851219216,0,0,0,0.0,0.0,0.0,0.0,0,0.0
2025,5,China Grand Prix,China,18,ZHO,ZHO,Kick Sauber,16,18,0,Finished,16,81.56823065284217,,,,,,35.747851652081465,48.74640421155462,51.260675223461675,8.695230197554826,0,0,0,0.0,0.0,0.0,0.0,0,0.0
2025,5,China Grand Prix,China,16,BOT,BOT,Kick Sauber,12,19,0,+1 Lap,12,,80.89465175551241,,,,,35.747851652081465,48.74640421155462,51.260675223461675,21.264543227356047,0,0,0,0.0,0.0,0.0,0.0,0,0.0
2025,5,China Grand Prix,China,20,SAR,SAR,Williams,9,20,0,+1 Lap,9,,,81.29442547406053,82.37499025492436,81.89027955776106,81.72108147182418,35.747851652081465,48.74640421155462,51.260675223461675,17.00351929400751,0,0,0,0.0,0.0,0.0,1.0,0,0.0
2025,6,Miami Grand Prix,Miami,2,NOR,NOR,McLaren,2,1,25,Finished,2,,,85.24953384252576,85.82885960555699,85.66818794688302,85.30476308548441,20.3485704838776,34.157278075866884,73.5921763872616,9.81233891016712,0,25,0,14.0,0.2,0.4,0.0,2,95.0
2025,6,Miami Grand Prix,Miami,4,PIA,PIA,McLaren,8,2,18,Finished,8,,,85.90980314139411,86.64174809263952,86.42981752507762,86.0910513018133,20.3485704838776,34.157278075866884,73.5921763872616,21.503059929730114,0,18,0,6.0,0.0,0.2,0.4,0,48.0
2025,6,Miami Grand Prix,Miami,9,ALO,ALO,McLaren,9,3,15,Finished,9,,,86.01722905484102,86.5350695691173,86.80789287012803,86.1313520491467,20.3485704838776,34.157278075866884,73.5921763872616,15.453893357952978,0,15,0,2.6,0.0,0.0,0.2,0,28.0
2025,6,Miami Grand Prix,Miami,1,VER,VER,Unknown,5,4,12,Finished,5,,,85.57399964632053,86.50621811981023,86.06575372476136,85.62839652765916,20.3485704838776,34.157278075866884,73.5921763872616,12.942791084617786,0,12,0,16.4,0.4,0.8,0.0,2,94.0
2025,6,Miami Grand Prix,Miami,10,STR,STR,Williams,13,5,10,Finished,13,,85.68354923144017,,,,,20.3485704838776,34.157278075866884,73.5921763872616,14.188521206538955,0,10,0,1.8,0.0,0.0,0.0,0,19.0
2025,6,Miami Grand Prix,Miami,5,SAI,SAI,Toro Rosso,11,6,8,Finished,11,,85.6618088881663,,,,,20.3485704838776,34.157278075866884,73.5921763872616,2.614196008360006,0,8,0,11.2,0.0,0.4,0.0,0,64.0
2025,6,Miami Grand Prix,Miami,7,RUS,RUS,Mercedes,17,7,6,Finished,17,86.37986942676137,,,,,,20.3485704838776,34.157278075866884,73.5921763872616,17.726512986272912,0,6,0,9.0,0.2,0.2,0.0,1,51.0
2025,6,Miami Grand Prix,Miami,14,RIC,RIC,Red Bull Racing,18,8,4,Finished,18,86.35138612154097,,,,,,20.3485704838776,34.157278075866884,73.5921763872616,20.370627843662806,0,4,0,6.4,0.0,0.2,0.0,0,36.0
2025,6,Miami Grand Prix,Miami,6,HAM,HAM,Mercedes,6,9,2,Finished,6,,,85.74860386319158,86.45569031925804,86.29910824982915,86.03548506061283,20.3485704838776,34.157278075866884,73.5921763872616,2.0407495507647395,0,2,0,8.6,0.2,0.2,0.2,1,45.0
2025,6,Miami Grand Prix,Miami,3,LEC,LEC,Ferrari,1,10,1,Finished,1,,,85.1038120847539,85.4581289603454,85.376784348561,85.22560719080484,20.3485704838776,34.157278075866884,73.5921763872616,5.480349683951108,0,1,0,5.0,0.0,0.0,0.2,0,26.0
2025,6,Miami Grand Prix,Miami,11,GAS,GAS,Alpine,16,11,0,Finished,16,86.32727822984833,,,,,,20.3485704838776,34.157278075866884,73.5921763872616,5.711368533282468,0,0,0,4.0,0.0,0.2,0.2,0,20.0
2025,6,Miami Grand Prix,Miami,8,PER,PER,Force India,15,12,0,Finished,15,,85.66722310036927,,,,,20.3485704838776,34.157278075866884,73.5921763872616,17.005706060782284,0,0,0,2.4,0.0,0.0,0.0,0,12.0
2025,6,Miami Grand Prix,Miami,19,ALB,ALB,Williams,3,13,0,Finished,3,,,85.32561303906927,86.40705829393681,85.93463138790568,85.70983097360926,20.3485704838776,34.157278075866884,73.5921763872616,8.648374813674073,0,0,0,0.0,0.0,0.0,0.0,0,0.0
2025,6,Miami Grand Prix,Miami,12,OCO,OCO,Force India,10,14,0,Finished,10,,,86.1091647376111,86.74309962429724,86.90051943222633,86.17721387374671,20.3485704838776,34.157278075866884,73.5921763872616,14.466885214309835,0,0,0,0.0,0.0,0.0,0.0,0,0.0
2025,6,Miami Grand Prix,Miami,17,MAG,MAG,Haas F1 Team,19,15,0,Finished,19,86.39694376205368,,,,,,20.3485704838776,34.157278075866884,73.5921763872616,6.920694930876289,0,0,0,2.0,0.0,0.0,0.0,0,10.0
2025,6,Miami Grand Prix,Miami,16,BOT,BOT,Kick Sauber,14,16,0,Finished,14,,85.67296388742275,,,,,20.3485704838776,34.157278075866884,73.5921763872616,15.789005502313014,0,0,0,0.0,0.0,0.0,0.0,0,0.0
2025,6,Miami Grand Prix,Miami,13,TSU,TSU,RB,7,17,0,Finished,7,,,85.79088559250583,86.73512806071972,86.52720835697178,85.92174299149744,20.3485704838776,34.157278075866884,73.5921763872616,24.28487735104099,0,0,0,3.0,0.0,0.2,0.0,0,15.0
2025,6,Miami Grand Prix,Miami,18,ZHO,ZHO,Kick Sauber,12,18,0,Finished,12,,85.71569827723808,,,,,20.3485704838776,34.157278075866884,73.5921763872616,21.768747531812785,0,0,0,0.0,0.0,0.0,0.0,0,0.0
2025,6,Miami Grand Prix,Miami,15,HUL,HUL,Haas F1 Team,4,19,0,+1 Lap,4,,,85.48677604899214,86.11008608145193,86.00184164499659,85.61036179165541,20.3485704838776,34.157278075866884,73.5921763872616,24.235308058382188,0,0,0,0.0,0.0,0.0,0.0,0,0.0
2025,6,Miami Grand Prix,Miami,20,SAR,SAR,Williams,20,20,0,+1 Lap,20,86.12499554332841,,,,,,20.3485704838776,34.157278075866884,73.5921763872616,3.2718415179587454,0,0,0,0.0,0.0,0.0,1.0,0,0.0
2025,7,Monaco Grand Prix,Monaco,11,GAS,GAS,Alpine,16,1,25,Finished,16,84.81452878786378,,,,,,20.261944672290813,25.99691214559094,38.48789525437704,9.713952531758643,0,25,0,0.4,0.0,0.0,0.2,1,45.0
2025,7,Monaco Grand Prix,Monaco,1,VER,VER,Unknown,4,2,18,Finished,4,,,83.98553625922408,84.68936051958435,84.2518171508361,84.20349956545728,20.261944672290813,25.99691214559094,38.48789525437704,1.829898094211091,0,18,0,13.8,0.2,0.6,0.0,2,112.0
2025,7,Monaco Grand Prix,Monaco,3,LEC,LEC,Ferrari,8,3,15,Finished,8,,,84.53059370372627,85.38813501513492,84.95503953438667,84.75149730480692,20.261944672290813,25.99691214559094,38.48789525437704,12.977044628405451,0,15,0,4.0,0.0,0.0,0.2,0,41.0
2025,7,Monaco Grand Prix,Monaco,10,STR,STR,Williams,17,4,12,Finished,17,84.88550212268137,,,,,,20.261944672290813,25.99691214559094,38.48789525437704,9.970569522422512,0,12,0,3.8,0.0,0.0,0.0,0,31.0
2025,7,Monaco Grand Prix,Monaco,2,NOR,NOR,McLaren,7,5,10,Finished,7,,,84.3858159146012,85.2329304981153,85.02123419768068,84.80165949702344,20.261944672290813,25.99691214559094,38.48789525437704,23.88809239887337,0,10,0,17.0,0.4,0.6,0.0,2,105.0
2025,7,Monaco Grand Prix,Monaco,4,PIA,PIA,McLaren,11,6,8,Finished,11,,84.34690071763777,,,,,20.261944672290813,25.99691214559094,38.48789525437704,22.450763723749674,0,8,0,8.0,0.0,0.4,0.4,0,56.0
2025,7,Monaco Grand Prix,Monaco,17,MAG,MAG,Haas F1 Team,5,7,6,Finished,5,,,84.1090811414789,84.4633217927395,84.86318636024275,84.31731135073673,20.261944672290813,25.99691214559094,38.48789525437704,12.14679397965814,0,6,0,2.0,0.0,0.0,0.0,0,16.0
2025,7,Monaco Grand Prix,Monaco,14,RIC,RIC,Red Bull Racing,12,8,4,Finished,12,,84.22178344092583,,,,,20.261944672290813,25.99691214559094,38.48789525437704,13.479031916881363,0,4,0,6.8,0.0,0.2,0.0,0,40.0
2025,7,Monaco Grand Prix,Monaco,12,OCO,OCO,Force India,20,9,2,Finished,20,84.88001209368096,,,,,,20.261944672290813,25.99691214559094,38.48789525437704,4.528733738367007,0,2,0,0.0,0.0,0.0,0.0,0,2.0
2025,7,Monaco Grand Prix,Monaco,5,SAI,SAI,Toro Rosso,3,10,1,Finished,3,,,83.80209307317588,84.71509914174436,84.02909991656283,84.08841659582606,20.261944672290813,25.99691214559094,38.48789525437704,2.671923077368596,0,1,0,12.8,0.0,0.4,0.0,0,65.0
2025,7,Monaco Grand Prix,Monaco,8,PER,PER,Force India,19,11,0,Finished,19,84.72933347330891,,,,,,20.261944672290813,25.99691214559094,38.48789525437704,1.085313321370479,0,0,0,1.6,0.0,0.0,0.0,0,12.0
2025,7,Monaco Grand Prix,Monaco,6,HAM,HAM,Mercedes,1,12,0,Finished,1,,,83.64253208683922,84.51236832487385,84.40851442638389,83.96325740590507,20.261944672290813,25.99691214559094,38.48789525437704,22.105161583710196,0,0,0,6.6,0.2,0.2,0.2,1,45.0
2025,7,Monaco Grand Prix,Monaco,7,RUS,RUS,Mercedes,6,13,0,Finished,6,,,84.19683342980854,85.04671631977443,84.58455335867323,84.62477101609856,20.261944672290813,25.99691214559094,38.48789525437704,8.835534482567953,0,0,0,10.2,0.2,0.2,0.0,1,51.0
2025,7,Monaco Grand Prix,Monaco,19,ALB,ALB,Williams,10,14,0,Finished,10,,,84.67839706061878,85.19158056369581,85.32476492128949,84.85205977661543,20.261944672290813,25.99691214559094,38.48789525437704,10.59345634121907,0,0,0,0.0,0.0,0.0,0.0,0,0.0
2025,7,Monaco Grand Prix,Monaco,16,BOT,BOT,Kick Sauber,15,15,0,Finished,15,,84.19123856610861,,,,,20.261944672290813,25.99691214559094,38.48789525437704,18.421843623604552,0,0,0,0.0,0.0,0.0,0.0,0,0.0
2025,7,Monaco Grand Prix,Monaco,9,ALO,ALO,McLaren,13,R,0,Retired,13,,84.23886280543199,,,,,20.261944672290813,25.99691214559094,38.48789525437704,16.04928751108165,0,0,1,5.4,0.0,0.2,0.2,0,28.0
2025,7,Monaco Grand Prix,Monaco,15,HUL,HUL,Haas F1 Team,14,17,0,Finished,14,,84.27310705316056,,,,,20.261944672290813,25.99691214559094,38.48789525437704,24.694638005372184,0,0,0,0.0,0.0,0.0,0.0,0,0.0
2025,7,Monaco Grand Prix,Monaco,18,ZHO,ZHO,Kick Sauber,18,18,0,Finished,18,84.95754447741629,,,,,,20.261944672290813,25.99691214559094,38.48789525437704,17.939944141454404,0,0,0,0.0,0.0,0.0,0.0,0,0.0
2025,7,Monaco Grand Prix,Monaco,13,TSU,TSU,RB,2,19,0,+1 Lap,2,,,83.76767242048822,84.31441702039206,83.92326597878052,83.85621863280662,20.261944672290813,25.99691214559094,38.48789525437704,4.7966831179685725,0,0,0,0.0,0.0,0.0,0.0,0,15.0
2025,7,Monaco Grand Prix,Monaco,20,SAR,SAR,Williams,9,20,0,+1 Lap,9,,,84.65004896224595,85.24108336814992,84.90870844380484,84.85979729987032,20.261944672290813,25.99691214559094,38.48789525437704,12.97649477270676,0,0,0,0.0,0.0,0.0,1.0,0,0.0
2025,8,Canada Grand Prix,Canada,1,VER,VER,Unknown,4,1,25,Finished,4,,,82.50705126653277,82.86226593093237,83.15358437678067,82.76396145722896,24.00351614939737,34.40363529544248,74.0039543780729,24.87165792924418,1,25,0,17.0,0.2,0.8,0.0,3,137.0
2025,8,Canada Grand Prix,Canada,18,ZHO,ZHO,Kick Sauber,20,2,18,Finished,20,83.41074337543313,,,,,,24.00351614939737,34.40363529544248,74.0039543780729,3.556234217179904,1,18,0,0.0,0.0,0.0,0.0,0,18.0
2025,8,Canada Grand Prix,Canada,9,ALO,ALO,McLaren,2,3,15,Finished,2,,,82.29102297893198,82.68196420884156,82.87553591811788,82.36905428809051,24.00351614939737,34.40363529544248,74.0039543780729,24.91742134632442,1,15,0,3.4,0.0,0.2,0.4,0,43.0
2025,8,Canada Grand Prix,Canada,3,LEC,LEC,Ferrari,5,4,12,Finished,5,,,82.63744167728144,83.67001491983686,83.16809528404315,82.82525580663543,24.00351614939737,34.40363529544248,74.0039543780729,13.17603659779129,1,12,0,5.4,0.0,0.2,0.2,0,53.0
2025,8,Canada Grand Prix,Canada,7,RUS,RUS,Mercedes,6,5,10,Finished,6,,,82.74395303397023,83.84189682768665,83.15880228814515,82.88153316428958,24.00351614939737,34.40363529544248,74.0039543780729,10.353243813223175,1,10,0,7.8,0.2,0.2,0.0,1,61.0
2025,8,Canada Grand Prix,Canada,4,PIA,PIA,McLaren,12,R,0,Retired,12,,82.77526392320357,,,,,24.00351614939737,34.40363529544248,74.0039543780729,10.403849954494039,1,0,1,9.6,0.0,0.4,0.2,0,56.0
2025,8,Canada Grand Prix,Canada,6,HAM,HAM,Mercedes,8,7,6,Finished,8,,,83.01004935531698,83.54388124318751,83.64225223150247,83.12174872289503,24.00351614939737,34.40363529544248,74.0039543780729,5.380046800430938,1,6,0,1.6,0.0,0.0,0.2,1,51.0
2025,8,Canada Grand Prix,Canada,5,SAI,SAI,Toro Rosso,13,8,4,Finished,13,,82.78495229113166,,,,,24.00351614939737,34.40363529544248,74.0039543780729,23.989416108025836,1,4,0,9.4,0.0,0.2,0.0,0,69.0
2025,8,Canada Grand Prix,Canada,2,NOR,NOR,McLaren,3,9,2,Finished,3,,,82.38594769824847,83.1791112383248,82.80401183244045,82.8159083854813,24.00351614939737,34.40363529544248,74.0039543780729,12.206028425544455,1,2,0,16.0,0.4,0.4,0.0,2,107.0
2025,8,Canada Grand Prix,Canada,8,PER,PER,Force India,14,10,1,Finished,14,,82.78416499771238,,,,,24.00351614939737,34.40363529544248,74.0039543780729,9.397207128644233,1,1,0,0.8,0.0,0.0,0.0,0,13.0
2025,8,Canada Grand Prix,Canada,10,STR,STR,Williams,1,11,0,Finished,1,,,82.15071913236713,83.15723402182049,82.8751784146253,82.6306197412939,24.00351614939737,34.40363529544248,74.0039543780729,7.885172393700318,1,0,0,6.0,0.0,0.0,0.0,0,31.0
2025,8,Canada Grand Prix,Canada,13,TSU,TSU,RB,10,12,0,Finished,10,,,83.17465700722649,84.09397824270437,83.58097919406526,83.33925878714722,24.00351614939737,34.40363529544248,74.0039543780729,0.9606587240581249,1,0,0,0.0,0.0,0.0,0.0,0,15.0
2025,8,Canada Grand Prix,Canada,11,GAS,GAS,Alpine,9,13,0,Finished,9,,,83.1421782412098,84.01565957033726,83.70372598675385,83.59498122452774,24.00351614939737,34.40363529544248,74.0039543780729,15.348339619001544,1,0,0,5.4,0.2,0.2,0.2,1,45.0
2025,8,Canada Grand Prix,Canada,17,MAG,MAG,Haas F1 Team,19,14,0,Finished,19,83.44099292374936,,,,,,24.00351614939737,34.40363529544248,74.0039543780729,12.805548020316863,1,0,0,3.2,0.0,0.0,0.0,0,16.0
2025,8,Canada Grand Prix,Canada,19,ALB,ALB,Williams,7,15,0,Finished,7,,,82.89655263311056,83.27286544755178,83.49797900475444,82.97899058430997,24.00351614939737,34.40363529544248,74.0039543780729,0.30271188087218626,1,0,0,0.0,0.0,0.0,0.0,0,0.0
2025,8,Canada Grand Prix,Canada,16,BOT,BOT,Kick Sauber,11,16,0,Finished,11,,82.79021408945283,,,,,24.00351614939737,34.40363529544248,74.0039543780729,8.742580743646238,1,0,0,0.0,0.0,0.0,0.0,0,0.0
2025,8,Canada Grand Prix,Canada,12,OCO,OCO,Force India,18,17,0,Finished,18,83.4265278703279,,,,,,24.00351614939737,34.40363529544248,74.0039543780729,19.109316555543398,1,0,0,0.4,0.0,0.0,0.0,0,2.0
2025,8,Canada Grand Prix,Canada,15,HUL,HUL,Haas F1 Team,17,18,0,Finished,17,83.45518083809161,,,,,,24.00351614939737,34.40363529544248,74.0039543780729,7.386119436935506,1,0,0,0.0,0.0,0.0,0.0,0,0.0
2025,8,Canada Grand Prix,Canada,14,RIC,RIC,Red Bull Racing,16,19,0,+1 Lap,16,83.42213981361719,,,,,,24.00351614939737,34.40363529544248,74.0039543780729,19.3658445159447,1,0,0,7.6,0.0,0.2,0.0,0,40.0
2025,8,Canada Grand Prix,Canada,20,SAR,SAR,Williams,15,20,0,+1 Lap,15,,82.85126989188606,,,,,24.00351614939737,34.40363529544248,74.0039543780729,19.967854791364363,1,0,0,0.0,0.0,0.0,1.0,0,0.0
2025,9,Spain Grand Prix,Spain,6,HAM,HAM,Mercedes,13,1,25,Finished,13,,87.16282135196144,,,,,29.6888915420013,40.51311812407376,67.4036589714766,20.62623525450155,0,25,0,2.8,0.0,0.0,0.2,2,76.0
2025,9,Spain Grand Prix,Spain,4,PIA,PIA,McLaren,10,2,18,Finished,10,,,87.6252201579432,88.37365027198031,87.77916095333724,87.701568076103,29.6888915420013,40.51311812407376,67.4036589714766,19.62242442778669,0,18,0,6.0,0.0,0.2,0.4,0,74.0
2025,9,Spain Grand Prix,Spain,1,VER,VER,Unknown,4,3,15,Finished,4,,,86.86766860421312,87.63321075501057,87.27580790278196,86.98402224123095,29.6888915420013,40.51311812407376,67.4036589714766,10.850484154346882,0,15,0,19.0,0.4,0.8,0.0,3,152.0
2025,9,Spain Grand Prix,Spain,3,LEC,LEC,Ferrari,1,4,12,Finished,1,,,86.49703695010139,86.87677733681305,86.75146531699923,86.81623833243007,29.6888915420013,40.51311812407376,67.4036589714766,24.95868778482374,0,12,0,7.8,0.0,0.2,0.0,0,65.0
2025,9,Spain Grand Prix,Spain,17,MAG,MAG,Haas F1 Team,20,5,10,Finished,20,87.68114644227238,,,,,,29.6888915420013,40.51311812407376,67.4036589714766,10.247622242407207,0,10,0,1.2,0.0,0.0,0.0,0,26.0
2025,9,Spain Grand Prix,Spain,10,STR,STR,Williams,11,6,8,Finished,11,,87.09859347540927,,,,,29.6888915420013,40.51311812407376,67.4036589714766,4.611906328340984,0,8,0,6.0,0.0,0.0,0.0,0,39.0
2025,9,Spain Grand Prix,Spain,5,SAI,SAI,Toro Rosso,3,7,6,Finished,3,,,86.65332259217611,86.97689962985497,86.77025682690005,87.0775862618302,29.6888915420013,40.51311812407376,67.4036589714766,12.951969155970385,0,6,0,8.6,0.0,0.2,0.0,0,75.0
2025,9,Spain Grand Prix,Spain,7,RUS,RUS,Mercedes,15,8,4,Finished,15,,87.01103204576128,,,,,29.6888915420013,40.51311812407376,67.4036589714766,21.818256262115046,0,4,0,9.0,0.2,0.2,0.0,1,65.0
2025,9,Spain Grand Prix,Spain,2,NOR,NOR,McLaren,6,9,2,Finished,6,,,87.05500236291593,88.07738134173206,87.47573318363246,87.32233835535433,29.6888915420013,40.51311812407376,67.4036589714766,2.0150378439281162,0,2,0,11.4,0.2,0.2,0.0,2,109.0
2025,9,Spain Grand Prix,Spain,13,TSU,TSU,RB,12,10,1,Finished,12,,87.08984413622755,,,,,29.6888915420013,40.51311812407376,67.4036589714766,19.137822474777742,0,1,0,0.0,0.0,0.0,0.0,0,16.0
2025,9,Spain Grand Prix,Spain,16,BOT,BOT,Kick Sauber,16,11,0,Finished,16,87.69104228102984,,,,,,29.6888915420013,40.51311812407376,67.4036589714766,1.7239504089105295,0,0,0,0.0,0.0,0.0,0.0,0,0.0
2025,9,Spain Grand Prix,Spain,12,OCO,OCO,Force India,14,12,0,Finished,14,,87.01486245418216,,,,,29.6888915420013,40.51311812407376,67.4036589714766,22.656364513025917,0,0,0,0.4,0.0,0.0,0.0,0,2.0
2025,9,Spain Grand Prix,Spain,14,RIC,RIC,Red Bull Racing,8,13,0,Finished,8,,,87.27614431487335,88.25960275104951,87.69096220458873,87.67566406550318,29.6888915420013,40.51311812407376,67.4036589714766,12.189279841834608,0,0,0,5.2,0.0,0.2,0.0,0,40.0
2025,9,Spain Grand Prix,Spain,8,PER,PER,Force India,5,14,0,Finished,5,,,86.91284236451055,87.2430946046755,87.0566996069293,87.37073921851554,29.6888915420013,40.51311812407376,67.4036589714766,13.310517056880428,0,0,0,1.0,0.0,0.0,0.0,0,13.0
2025,9,Spain Grand Prix,Spain,9,ALO,ALO,McLaren,2,15,0,Finished,2,,,86.51924227274593,87.62909228386447,86.63451865048877,86.86794763152494,29.6888915420013,40.51311812407376,67.4036589714766,14.004204586546049,0,0,0,6.0,0.0,0.4,0.4,0,43.0
2025,9,Spain Grand Prix,Spain,19,ALB,ALB,Williams,18,16,0,Finished,18,87.60815712801549,,,,,,29.6888915420013,40.51311812407376,67.4036589714766,18.270524124518246,0,0,0,0.0,0.0,0.0,0.0,0,0.0
2025,9,Spain Grand Prix,Spain,11,GAS,GAS,Alpine,17,17,0,Finished,17,87.60313160106188,,,,,,29.6888915420013,40.51311812407376,67.4036589714766,8.737659302170469,0,0,0,5.2,0.2,0.2,0.2,1,45.0
2025,9,Spain Grand Prix,Spain,15,HUL,HUL,Haas F1 Team,19,18,0,Finished,19,87.70377890314292,,,,,,29.6888915420013,40.51311812407376,67.4036589714766,21.265401446028445,0,0,0,0.0,0.0,0.0,0.0,0,0.0
2025,9,Spain Grand Prix,Spain,18,ZHO,ZHO,Kick Sauber,7,19,0,+1 Lap,7,,,87.23045562126299,87.63374760594529,87.9325534066076,87.60572205770681,29.6888915420013,40.51311812407376,67.4036589714766,17.69587743074422,0,0,0,3.6,0.0,0.2,0.0,0,18.0
2025,9,Spain Grand Prix,Spain,20,SAR,SAR,Williams,9,20,0,+1 Lap,9,,,87.53628286610441,88.3254672617128,87.69349060812716,87.7925181547923,29.6888915420013,40.51311812407376,67.4036589714766,4.144363504081894,0,0,0,0.0,0.0,0.0,1.0,0,0.0
2025,10,Austria Grand Prix,Austria,1,VER,VER,Unknown,5,1,25,Finished,5,,,91.91490147652274,92.53203892847144,92.60391476368207,92.17698070185192,34.306082627412934,43.92903823741901,50.58827707922542,15.85355345739342,0,25,0,19.0,0.4,0.8,0.0,4,177.0
2025,10,Austria Grand Prix,Austria,4,PIA,PIA,McLaren,8,2,18,Finished,8,,,92.28706777776662,92.70070604517467,92.86039207121942,92.48336458471088,34.306082627412934,43.92903823741901,50.58827707922542,1.7410287040601435,0,18,0,8.8,0.0,0.4,0.4,0,92.0
2025,10,Austria Grand Prix,Austria,7,RUS,RUS,Mercedes,3,3,15,Finished,3,,,91.63754665055157,92.14200825187274,92.32347543822164,91.81322089035605,34.306082627412934,43.92903823741901,50.58827707922542,17.353764337745776,0,15,0,4.8,0.0,0.0,0.0,1,80.0
2025,10,Austria Grand Prix,Austria,2,NOR,NOR,McLaren,10,R,0,Retired,10,,,92.45585893674156,93.21724821457211,92.76957641042928,92.60154890610856,34.306082627412934,43.92903823741901,50.58827707922542,7.598660031018095,0,0,1,10.2,0.2,0.2,0.0,2,109.0
2025,10,Austria Grand Prix,Austria,6,HAM,HAM,Mercedes,4,5,10,Finished,4,,,91.76677144967609,92.85085548371283,92.4030167932508,92.17157275414007,34.306082627412934,43.92903823741901,50.58827707922542,6.507171439150075,0,10,0,6.6,0.2,0.2,0.2,2,86.0
2025,10,Austria Grand Prix,Austria,13,TSU,TSU,RB,11,6,8,Finished,11,,91.9951942247867,,,,,34.306082627412934,43.92903823741901,50.58827707922542,11.176388595160635,0,8,0,0.2,0.0,0.0,0.0,0,24.0
2025,10,Austria Grand Prix,Austria,3,LEC,LEC,Ferrari,1,7,6,Finished,1,,,91.43049836246121,92.22248176063022,91.7967787467405,91.920058510291,34.306082627412934,43.92903823741901,50.58827707922542,10.563710707798615,0,6,0,10.0,0.0,0.2,0.0,0,71.0
2025,10,Austria Grand Prix,Austria,8,PER,PER,Force India,9,8,4,Finished,9,,,92.34139988913158,92.67922209678585,92.95933277366844,92.80453433762119,34.306082627412934,43.92903823741901,50.58827707922542,21.45854191997802,0,4,0,0.6,0.0,0.0,0.0,0,17.0
2025,10,Austria Grand Prix,Austria,5,SAI,SAI,Toro Rosso,7,9,2,Finished,7,,,92.12673936761676,93.10530508085387,92.79017411140578,92.18484231763696,34.306082627412934,43.92903823741901,50.58827707922542,18.16677480175808,0,2,0,7.4,0.0,0.2,0.0,0,77.0
2025,10,Austria Grand Prix,Austria,18,ZHO,ZHO,Kick Sauber,15,10,1,Finished,15,,91.97323780181053,,,,,34.306082627412934,43.92903823741901,50.58827707922542,2.8145097602984253,0,1,0,3.6,0.0,0.2,0.0,0,19.0
2025,10,Austria Grand Prix,Austria,19,ALB,ALB,Williams,2,11,0,Finished,2,,,91.52090662822579,91.90778765140169,91.79023230800698,91.57648844455058,34.306082627412934,43.92903823741901,50.58827707922542,7.531631519000009,0,0,0,0.0,0.0,0.0,0.0,0,0.0
2025,10,Austria Grand Prix,Austria,10,STR,STR,Williams,18,12,0,Finished,18,92.69650615629743,,,,,,34.306082627412934,43.92903823741901,50.58827707922542,1.2035708994588363,0,0,0,7.6,0.0,0.0,0.0,0,39.0
2025,10,Austria Grand Prix,Austria,9,ALO,ALO,McLaren,16,13,0,Finished,16,92.64323359120814,,,,,,34.306082627412934,43.92903823741901,50.58827707922542,19.864456967504758,0,0,0,6.0,0.0,0.4,0.2,0,43.0
2025,10,Austria Grand Prix,Austria,14,RIC,RIC,Red Bull Racing,6,14,0,Finished,6,,,92.05463967059299,92.38584291064683,92.56260445515143,92.55258655287908,34.306082627412934,43.92903823741901,50.58827707922542,13.036142226089737,0,0,0,1.6,0.0,0.0,0.0,0,40.0
2025,10,Austria Grand Prix,Austria,11,GAS,GAS,Alpine,12,15,0,Finished,12,,91.93984747898018,,,,,34.306082627412934,43.92903823741901,50.58827707922542,21.97447250705668,0,0,0,5.2,0.2,0.2,0.0,1,45.0
2025,10,Austria Grand Prix,Austria,16,BOT,BOT,Kick Sauber,19,16,0,Finished,19,92.60051727465381,,,,,,34.306082627412934,43.92903823741901,50.58827707922542,10.864899021467794,0,0,0,0.0,0.0,0.0,0.0,0,0.0
2025,10,Austria Grand Prix,Austria,12,OCO,OCO,Force India,13,17,0,Finished,13,,92.01177526566597,,,,,34.306082627412934,43.92903823741901,50.58827707922542,14.792429057658138,0,0,0,0.4,0.0,0.0,0.0,0,2.0
2025,10,Austria Grand Prix,Austria,17,MAG,MAG,Haas F1 Team,17,18,0,Finished,17,92.6686346483995,,,,,,34.306082627412934,43.92903823741901,50.58827707922542,9.612783191120315,0,0,0,3.2,0.0,0.0,0.0,0,26.0
2025,10,Austria Grand Prix,Austria,15,HUL,HUL,Haas F1 Team,14,19,0,+1 Lap,14,,92.0947622715646,,,,,34.306082627412934,43.92903823741901,50.58827707922542,15.852600784408283,0,0,0,0.0,0.0,0.0,0.0,0,0.0
2025,10,Austria Grand Prix,Austria,20,SAR,SAR,Williams,20,20,0,+1 Lap,20,92.57566198694379,,,,,,34.306082627412934,43.92903823741901,50.58827707922542,1.1412186375595934,0,0,0,0.0,0.0,0.0,1.0,0,0.0
2025,11,Britain Grand Prix,Britain,3,LEC,LEC,Ferrari,3,1,25,Finished,3,,,83.92188508380944,84.36089885631043,84.03969851574347,84.26250515763836,31.057271229544455,38.01824835692838,60.53900355378841,8.515104164532291,0,25,0,9.2,0.0,0.2,0.0,1,96.0
2025,11,Britain Grand Prix,Britain,9,ALO,ALO,McLaren,18,2,18,Finished,18,84.94098608711305,,,,,,31.057271229544455,38.01824835692838,60.53900355378841,15.144481236317258,0,18,0,6.0,0.0,0.4,0.2,0,61.0
2025,11,Britain Grand Prix,Britain,6,HAM,HAM,Mercedes,4,3,15,Finished,4,,,84.00483250030169,85.19406486984172,84.42263363513896,84.3645559064028,31.057271229544455,38.01824835692838,60.53900355378841,12.139742491484945,0,15,0,8.6,0.2,0.2,0.0,2,101.0
2025,11,Britain Grand Prix,Britain,4,PIA,PIA,McLaren,2,4,12,Finished,2,,,83.79050788481076,84.11529093269328,84.24432646734807,84.27431571801372,31.057271229544455,38.01824835692838,60.53900355378841,0.9749003143727897,0,12,0,12.4,0.0,0.6,0.2,0,104.0
2025,11,Britain Grand Prix,Britain,2,NOR,NOR,McLaren,9,5,10,Finished,9,,,84.65067193680866,85.09469437962554,84.7670184042384,85.04096806308624,31.057271229544455,38.01824835692838,60.53900355378841,7.231119299316363,0,10,0,7.8,0.2,0.2,0.2,2,119.0
2025,11,Britain Grand Prix,Britain,7,RUS,RUS,Mercedes,7,6,8,Finished,7,,,84.39940601398159,85.50948087869642,84.58070328612196,84.87956948701148,31.057271229544455,38.01824835692838,60.53900355378841,22.21009180771703,0,8,0,7.0,0.0,0.2,0.0,1,88.0
2025,11,Britain Grand Prix,Britain,12,OCO,OCO,Force India,8,7,6,Finished,8,,,84.58113144068035,85.76674328756977,84.88301524715348,85.06364240911377,31.057271229544455,38.01824835692838,60.53900355378841,9.637797618423058,0,6,0,0.4,0.0,0.0,0.0,0,8.0
2025,11,Britain Grand Prix,Britain,1,VER,VER,Unknown,1,8,4,Finished,1,,,83.7089921428648,84.31534053669385,84.18797746800811,83.82835741229512,31.057271229544455,38.01824835692838,60.53900355378841,13.5426203102501,0,4,0,19.0,0.4,0.8,0.0,4,181.0
2025,11,Britain Grand Prix,Britain,5,SAI,SAI,Toro Rosso,5,9,2,Finished,5,,,84.19972849923451,84.89612571451569,84.51136177378055,84.36642920302721,31.057271229544455,38.01824835692838,60.53900355378841,1.441189554975622,0,2,0,4.2,0.0,0.0,0.0,0,79.0
2025,11,Britain Grand Prix,Britain,8,PER,PER,Force India,6,10,1,Finished,6,,,84.31424023417466,84.9224434151259,84.60341361866621,84.79912805781454,31.057271229544455,38.01824835692838,60.53900355378841,8.681925975762688,0,1,0,1.0,0.0,0.0,0.0,0,18.0
2025,11,Britain Grand Prix,Britain,15,HUL,HUL,Haas F1 Team,17,11,0,Finished,17,84.8298418736325,,,,,,31.057271229544455,38.01824835692838,60.53900355378841,24.846209722492453,0,0,0,0.0,0.0,0.0,0.0,0,0.0
2025,11,Britain Grand Prix,Britain,19,ALB,ALB,Williams,12,12,0,Finished,12,,84.30616879838243,,,,,31.057271229544455,38.01824835692838,60.53900355378841,5.032802695560831,0,0,0,0.0,0.0,0.0,0.0,0,0.0
2025,11,Britain Grand Prix,Britain,14,RIC,RIC,Red Bull Racing,13,13,0,Finished,13,,84.27094093233788,,,,,31.057271229544455,38.01824835692838,60.53900355378841,22.73636527343105,0,0,0,1.6,0.0,0.0,0.0,0,40.0
2025,11,Britain Grand Prix,Britain,13,TSU,TSU,RB,14,14,0,Finished,14,,84.28890903746166,,,,,31.057271229544455,38.01824835692838,60.53900355378841,19.762744856872125,0,0,0,1.8,0.0,0.0,0.0,0,24.0
2025,11,Britain Grand Prix,Britain,10,STR,STR,Williams,10,15,0,Finished,10,,,84.78497153282669,85.33316234425291,85.49893493953942,85.25979047504812,31.057271229544455,38.01824835692838,60.53900355378841,11.566890126634839,0,0,0,6.0,0.0,0.0,0.0,0,39.0
2025,11,Britain Grand Prix,Britain,17,MAG,MAG,Haas F1 Team,16,16,0,Finished,16,84.87361491864704,,,,,,31.057271229544455,38.01824835692838,60.53900355378841,9.383247697990047,0,0,0,3.2,0.0,0.0,0.0,0,26.0
2025,11,Britain Grand Prix,Britain,16,BOT,BOT,Kick Sauber,15,17,0,Finished,15,,84.24891984013375,,,,,31.057271229544455,38.01824835692838,60.53900355378841,14.431975730828281,0,0,0,0.0,0.0,0.0,0.0,0,0.0
2025,11,Britain Grand Prix,Britain,11,GAS,GAS,Alpine,19,18,0,Finished,19,84.85498047485795,,,,,,31.057271229544455,38.01824835692838,60.53900355378841,19.11319486636794,0,0,0,5.0,0.2,0.2,0.0,1,45.0
2025,11,Britain Grand Prix,Britain,18,ZHO,ZHO,Kick Sauber,11,19,0,+1 Lap,11,,84.32198667847705,,,,,31.057271229544455,38.01824835692838,60.53900355378841,21.174221355176513,0,0,0,3.8,0.0,0.2,0.0,0,19.0
2025,11,Britain Grand Prix,Britain,20,SAR,SAR,Williams,20,20,0,+1 Lap,20,84.8995812960522,,,,,,31.057271229544455,38.01824835692838,60.53900355378841,12.760812225105806,0,0,0,0.0,0.0,0.0,1.0,0,0.0
2025,12,Hungary Grand Prix,Hungary,3,LEC,LEC,Ferrari,10,1,25,Finished,10,,,86.04756287783596,86.42792344990897,86.62847636438823,86.31977919604158,45.38650318789249,57.613572764874775,64.6266215768554,15.817796968715022,0,25,0,14.0,0.2,0.4,0.0,2,121.0
2025,12,Hungary Grand Prix,Hungary,1,VER,VER,Unknown,6,2,18,Finished,6,,,85.5478154137215,86.48128679619239,85.65086970247671,85.67294430365773,45.38650318789249,57.613572764874775,64.6266215768554,16.65963533945516,0,18,0,17.4,0.4,0.8,0.0,4,199.0
2025,12,Hungary Grand Prix,Hungary,2,NOR,NOR,McLaren,8,3,15,Finished,8,,,85.79549058747726,86.36373757525276,85.96924603305285,86.19731132598248,45.38650318789249,57.613572764874775,64.6266215768554,1.2046503098324057,0,15,0,4.8,0.0,0.0,0.2,2,134.0
2025,12,Hungary Grand Prix,Hungary,6,HAM,HAM,Mercedes,9,4,12,Finished,9,,,85.91983691213501,86.54388233144589,86.68959678297401,86.1950174277046,45.38650318789249,57.613572764874775,64.6266215768554,11.44249012898235,0,12,0,11.2,0.2,0.4,0.0,2,113.0
2025,12,Hungary Grand Prix,Hungary,12,OCO,OCO,Force India,12,5,10,Finished,12,,85.5244174413642,,,,,45.38650318789249,57.613572764874775,64.6266215768554,20.55449717041058,0,10,0,1.6,0.0,0.0,0.0,0,18.0
2025,12,Hungary Grand Prix,Hungary,4,PIA,PIA,McLaren,5,6,8,Finished,5,,,85.38311578680224,86.44842898781015,85.63151162509129,85.72892485377879,45.38650318789249,57.613572764874775,64.6266215768554,22.003918448037126,0,8,0,11.2,0.0,0.4,0.2,0,112.0
2025,12,Hungary Grand Prix,Hungary,5,SAI,SAI,Toro Rosso,4,7,6,Finished,4,,,85.33876350852844,86.1857404185559,85.64547454282872,85.45023391517147,45.38650318789249,57.613572764874775,64.6266215768554,18.46493645330827,0,6,0,3.0,0.0,0.0,0.0,0,85.0
2025,12,Hungary Grand Prix,Hungary,7,RUS,RUS,Mercedes,11,8,4,Finished,11,,85.49835142218679,,,,,45.38650318789249,57.613572764874775,64.6266215768554,4.980381872351328,0,4,0,7.4,0.0,0.2,0.0,1,92.0
2025,12,Hungary Grand Prix,Hungary,14,RIC,RIC,Red Bull Racing,14,9,2,Finished,14,,85.53551336005134,,,,,45.38650318789249,57.613572764874775,64.6266215768554,6.689816918199288,0,2,0,0.8,0.0,0.0,0.0,0,42.0
2025,12,Hungary Grand Prix,Hungary,17,MAG,MAG,Haas F1 Team,18,10,1,Finished,18,86.18813552970374,,,,,,45.38650318789249,57.613572764874775,64.6266215768554,0.4831907729400259,0,1,0,3.2,0.0,0.0,0.0,0,27.0
2025,12,Hungary Grand Prix,Hungary,8,PER,PER,Force India,1,11,0,Finished,1,,,84.9428002872252,85.6863784132279,85.32580311030361,85.23172224251064,45.38650318789249,57.613572764874775,64.6266215768554,0.24809552819589076,0,0,0,1.2,0.0,0.0,0.0,0,18.0
2025,12,Hungary Grand Prix,Hungary,16,BOT,BOT,Kick Sauber,19,12,0,Finished,19,86.09228332136229,,,,,,45.38650318789249,57.613572764874775,64.6266215768554,7.79659644792208,0,0,0,0.0,0.0,0.0,0.0,0,0.0
2025,12,Hungary Grand Prix,Hungary,9,ALO,ALO,McLaren,7,R,0,Retired,7,,,85.70055953645645,86.46972597934518,86.48376921275191,85.80705713309965,45.38650318789249,57.613572764874775,64.6266215768554,19.2539552939274,0,0,1,6.6,0.0,0.4,0.2,0,61.0
2025,12,Hungary Grand Prix,Hungary,19,ALB,ALB,Williams,13,R,0,Retired,13,,85.5878535701242,,,,,45.38650318789249,57.613572764874775,64.6266215768554,7.332715269514117,0,0,1,0.0,0.0,0.0,0.0,0,0.0
2025,12,Hungary Grand Prix,Hungary,10,STR,STR,Williams,3,15,0,Finished,3,,,85.19601853564927,85.80930456950074,85.55623604208371,85.24662766722123,45.38650318789249,57.613572764874775,64.6266215768554,16.161468540948263,0,0,0,4.0,0.0,0.0,0.0,0,39.0
2025,12,Hungary Grand Prix,Hungary,15,HUL,HUL,Haas F1 Team,17,16,0,Finished,17,86.24488549292852,,,,,,45.38650318789249,57.613572764874775,64.6266215768554,19.57996033246565,0,0,0,0.0,0.0,0.0,0.0,0,0.0
2025,12,Hungary Grand Prix,Hungary,11,GAS,GAS,Alpine,2,17,0,Finished,2,,,85.06301619365341,85.72122095731247,85.37505720383665,85.14257888018288,45.38650318789249,57.613572764874775,64.6266215768554,6.165090874450615,0,0,0,5.0,0.2,0.2,0.0,1,45.0
2025,12,Hungary Grand Prix,Hungary,13,TSU,TSU,RB,20,18,0,Finished,20,86.24133609015493,,,,,,45.38650318789249,57.613572764874775,64.6266215768554,23.944745024705096,0,0,0,1.8,0.0,0.0,0.0,0,24.0
2025,12,Hungary Grand Prix,Hungary,18,ZHO,ZHO,Kick Sauber,15,19,0,+1 Lap,15,,85.55298860825359,,,,,45.38650318789249,57.613572764874775,64.6266215768554,4.89582710335675,0,0,0,3.8,0.0,0.2,0.0,0,19.0
2025,12,Hungary Grand Prix,Hungary,20,SAR,SAR,Williams,16,20,0,+1 Lap,16,86.16578633818192,,,,,,45.38650318789249,57.613572764874775,64.6266215768554,3.674067739705242,0,0,0,0.0,0.0,0.0,1.0,0,0.0
2025,13,Belgium Grand Prix,Belgium,1,VER,VER,Unknown,3,1,25,Finished,3,,,84.99927119496003,86.00806537223293,85.27497216324365,85.30310450793512,16.575555079147698,28.31685803450833,42.995248962141645,16.415776842696904,0,25,0,17.4,0.4,0.8,0.0,5,224.0
2025,13,Belgium Grand Prix,Belgium,2,NOR,NOR,McLaren,1,2,18,Finished,1,,,84.87423334060793,85.39059236221209,85.10834840262231,85.33744092961187,16.575555079147698,28.31685803450833,42.995248962141645,12.648947693373291,0,18,0,5.8,0.0,0.2,0.2,2,152.0
2025,13,Belgium Grand Prix,Belgium,7,RUS,RUS,Mercedes,13,3,15,Finished,13,,85.41358097736811,,,,,16.575555079147698,28.31685803450833,42.995248962141645,12.917459630656694,0,15,0,8.2,0.0,0.2,0.0,1,107.0
2025,13,Belgium Grand Prix,Belgium,15,HUL,HUL,Haas F1 Team,12,4,12,Finished,12,,85.46824871586229,,,,,16.575555079147698,28.31685803450833,42.995248962141645,23.661412828760138,0,12,0,0.0,0.0,0.0,0.0,0,12.0
2025,13,Belgium Grand Prix,Belgium,6,HAM,HAM,Mercedes,2,5,10,Finished,2,,,84.94636797738337,85.94869693008957,85.37980299069415,85.22026091084912,16.575555079147698,28.31685803450833,42.995248962141645,14.778257581462912,0,10,0,13.6,0.2,0.4,0.0,2,123.0
2025,13,Belgium Grand Prix,Belgium,12,OCO,OCO,Force India,9,6,8,Finished,9,,,85.83079879749143,86.29832110546944,86.16289408683846,86.2655623882204,16.575555079147698,28.31685803450833,42.995248962141645,1.7789571293358204,0,8,0,3.2,0.0,0.0,0.0,0,26.0
2025,13,Belgium Grand Prix,Belgium,11,GAS,GAS,Alpine,15,7,6,Finished,15,,85.3037221001831,,,,,16.575555079147698,28.31685803450833,42.995248962141645,19.278070396297164,0,6,0,0.0,0.0,0.0,0.0,1,51.0
2025,13,Belgium Grand Prix,Belgium,19,ALB,ALB,Williams,16,8,4,Finished,16,86.04586968182225,,,,,,16.575555079147698,28.31685803450833,42.995248962141645,7.061810659250092,0,4,0,0.0,0.0,0.0,0.2,0,4.0
2025,13,Belgium Grand Prix,Belgium,5,SAI,SAI,Toro Rosso,4,9,2,Finished,4,,,85.17376559977414,85.58884572087432,85.80964832513524,85.22377083541406,16.575555079147698,28.31685803450833,42.995248962141645,13.062754527139711,0,2,0,4.0,0.0,0.0,0.0,0,87.0
2025,13,Belgium Grand Prix,Belgium,3,LEC,LEC,Ferrari,7,10,1,Finished,7,,,85.55067188609038,85.89984286409126,86.33182660017101,85.70242828515273,16.575555079147698,28.31685803450833,42.995248962141645,7.598562806375683,0,1,0,16.0,0.4,0.4,0.0,2,122.0
2025,13,Belgium Grand Prix,Belgium,4,PIA,PIA,McLaren,6,11,0,Finished,6,,,85.4611077243327,86.42881441859555,86.15500548969608,85.70129086298883,16.575555079147698,28.31685803450833,42.995248962141645,8.132378350575777,0,0,0,11.2,0.0,0.4,0.2,0,112.0
2025,13,Belgium Grand Prix,Belgium,10,STR,STR,Williams,14,12,0,Finished,14,,85.37649309125652,,,,,16.575555079147698,28.31685803450833,42.995248962141645,22.548504918728753,0,0,0,1.6,0.0,0.0,0.0,0,39.0
2025,13,Belgium Grand Prix,Belgium,18,ZHO,ZHO,Kick Sauber,20,13,0,Finished,20,85.99808218133296,,,,,,16.575555079147698,28.31685803450833,42.995248962141645,17.73302071181524,0,0,0,3.8,0.0,0.2,0.0,0,19.0
2025,13,Belgium Grand Prix,Belgium,8,PER,PER,Force India,10,14,0,Finished,10,,,85.97082758748239,86.42141676108335,86.61726978968028,86.28352533871374,16.575555079147698,28.31685803450833,42.995248962141645,1.0605574551722925,0,0,0,1.2,0.0,0.0,0.0,0,18.0
2025,13,Belgium Grand Prix,Belgium,14,RIC,RIC,Red Bull Racing,19,15,0,Finished,19,86.07295979856663,,,,,,16.575555079147698,28.31685803450833,42.995248962141645,12.846361605169193,0,0,0,0.4,0.0,0.0,0.0,0,42.0
2025,13,Belgium Grand Prix,Belgium,17,MAG,MAG,Haas F1 Team,18,16,0,Finished,18,85.94374797490887,,,,,,16.575555079147698,28.31685803450833,42.995248962141645,17.43023454774092,0,0,0,2.2,0.0,0.0,0.0,0,27.0
2025,13,Belgium Grand Prix,Belgium,9,ALO,ALO,McLaren,5,17,0,Finished,5,,,85.30110608799217,86.43000115697909,85.88732288706947,85.67914756573728,16.575555079147698,28.31685803450833,42.995248962141645,6.851789733554775,0,0,0,6.6,0.0,0.4,0.2,0,61.0
2025,13,Belgium Grand Prix,Belgium,16,BOT,BOT,Kick Sauber,8,18,0,Finished,8,,,85.74574124725095,86.77210506073098,85.98240966932049,85.95114512576114,16.575555079147698,28.31685803450833,42.995248962141645,24.463136709728513,0,0,0,0.0,0.0,0.0,0.0,0,0.0
2025,13,Belgium Grand Prix,Belgium,13,TSU,TSU,RB,11,19,0,+1 Lap,11,,85.45590785454546,,,,,16.575555079147698,28.31685803450833,42.995248962141645,9.512942746747363,0,0,0,1.8,0.0,0.0,0.0,0,24.0
2025,13,Belgium Grand Prix,Belgium,20,SAR,SAR,Williams,17,20,0,+1 Lap,17,86.08066898322518,,,,,,16.575555079147698,28.31685803450833,42.995248962141645,0.629835348980734,0,0,0,0.0,0.0,0.0,1.0,0,0.0
2025,14,Netherlands Grand Prix,Netherlands,2,NOR,NOR,McLaren,4,1,25,Finished,4,,,84.07952885907676,84.46289179382299,84.70339790385012,84.54107575780861,32.107665027515964,39.45739907747549,65.24355050216909,6.467791053886024,0,25,0,9.0,0.0,0.4,0.2,3,177.0
2025,14,Netherlands Grand Prix,Netherlands,4,PIA,PIA,McLaren,13,2,18,Finished,13,,84.31175323221657,,,,,32.107665027515964,39.45739907747549,65.24355050216909,15.332292122184477,0,18,0,11.2,0.0,0.4,0.0,0,130.0
2025,14,Netherlands Grand Prix,Netherlands,5,SAI,SAI,Toro Rosso,2,3,15,Finished,2,,,83.78878043730751,84.73142788834782,83.95275447773975,83.92845208871756,32.107665027515964,39.45739907747549,65.24355050216909,18.46807876816416,0,15,0,3.6,0.0,0.0,0.0,0,102.0
2025,14,Netherlands Grand Prix,Netherlands,3,LEC,LEC,Ferrari,7,4,12,Finished,7,,,84.46805925732153,84.78043025593173,84.7419226395804,84.61454217466846,32.107665027515964,39.45739907747549,65.24355050216909,6.1889942569971605,0,12,0,13.8,0.4,0.4,0.0,2,134.0
2025,14,Netherlands Grand Prix,Netherlands,1,VER,VER,Unknown,1,5,10,Finished,1,,,83.71778381350975,84.6772439408173,84.24249602081196,84.07057606437888,32.107665027515964,39.45739907747549,65.24355050216909,23.78726775441968,0,10,0,17.4,0.4,0.8,0.0,5,234.0
2025,14,Netherlands Grand Prix,Netherlands,6,HAM,HAM,Mercedes,3,6,8,Finished,3,,,83.93184054554729,84.986483196006,84.59540376849425,84.35218325781608,32.107665027515964,39.45739907747549,65.24355050216909,13.606349152842443,0,8,0,14.4,0.2,0.4,0.0,2,131.0
2025,14,Netherlands Grand Prix,Netherlands,10,STR,STR,Williams,14,7,6,Finished,14,,84.34458339274576,,,,,32.107665027515964,39.45739907747549,65.24355050216909,9.277823460753195,0,6,0,1.6,0.0,0.0,0.0,0,45.0
2025,14,Netherlands Grand Prix,Netherlands,8,PER,PER,Force India,11,8,4,Finished,11,,84.25858782399536,,,,,32.107665027515964,39.45739907747549,65.24355050216909,9.211222997914472,0,4,0,1.0,0.0,0.0,0.0,0,22.0
2025,14,Netherlands Grand Prix,Netherlands,12,OCO,OCO,Force India,15,9,2,Finished,15,,84.33566187489197,,,,,32.107665027515964,39.45739907747549,65.24355050216909,17.63652075708716,0,2,0,4.8,0.0,0.0,0.0,0,28.0
2025,14,Netherlands Grand Prix,Netherlands,7,RUS,RUS,Mercedes,6,10,1,Finished,6,,,84.34933344531677,85.03417464564977,84.75911530568709,84.69152849137637,32.107665027515964,39.45739907747549,65.24355050216909,1.600158665215523,0,1,0,9.2,0.0,0.4,0.0,1,108.0
2025,14,Netherlands Grand Prix,Netherlands,19,ALB,ALB,Williams,5,11,0,Finished,5,,,84.1784886596754,84.87801616873114,84.2938279898179,84.36395939470084,32.107665027515964,39.45739907747549,65.24355050216909,1.4044019336859752,0,0,0,0.8,0.0,0.0,0.2,0,4.0
2025,14,Netherlands Grand Prix,Netherlands,15,HUL,HUL,Haas F1 Team,12,12,0,Finished,12,,84.36345033946071,,,,,32.107665027515964,39.45739907747549,65.24355050216909,10.241776334399816,0,0,0,2.4,0.0,0.0,0.0,0,12.0
2025,14,Netherlands Grand Prix,Netherlands,14,RIC,RIC,Red Bull Racing,20,13,0,Finished,20,84.84508053145498,,,,,,32.107665027515964,39.45739907747549,65.24355050216909,16.605484624724205,0,0,0,0.4,0.0,0.0,0.0,0,42.0
2025,14,Netherlands Grand Prix,Netherlands,11,GAS,GAS,Alpine,16,14,0,Finished,16,84.96926325631661,,,,,,32.107665027515964,39.45739907747549,65.24355050216909,7.229686157398746,0,0,0,1.2,0.0,0.0,0.0,1,51.0
2025,14,Netherlands Grand Prix,Netherlands,9,ALO,ALO,McLaren,19,15,0,Finished,19,84.85536191351827,,,,,,32.107665027515964,39.45739907747549,65.24355050216909,20.713889947652035,0,0,0,3.6,0.0,0.2,0.2,0,61.0
2025,14,Netherlands Grand Prix,Netherlands,13,TSU,TSU,RB,8,16,0,Finished,8,,,84.52745452391257,85.53781808740028,84.84291160608909,84.98865932365554,32.107665027515964,39.45739907747549,65.24355050216909,8.16856355075102,0,0,0,1.8,0.0,0.0,0.0,0,24.0
2025,14,Netherlands Grand Prix,Netherlands,17,MAG,MAG,Haas F1 Team,10,17,0,Finished,10,,,84.80390666536346,85.95091539664377,85.51733026856307,84.90006224852607,32.107665027515964,39.45739907747549,65.24355050216909,13.834279743744297,0,0,0,2.2,0.0,0.0,0.0,0,27.0
2025,14,Netherlands Grand Prix,Netherlands,18,ZHO,ZHO,Kick Sauber,9,18,0,Finished,9,,,84.59169893020182,85.3445181554982,84.82740307775764,85.02816647722749,32.107665027515964,39.45739907747549,65.24355050216909,20.94770937129509,0,0,0,0.2,0.0,0.0,0.0,0,19.0
2025,14,Netherlands Grand Prix,Netherlands,16,BOT,BOT,Kick Sauber,18,19,0,+1 Lap,18,84.94567661453884,,,,,,32.107665027515964,39.45739907747549,65.24355050216909,4.4813313934820185,0,0,0,0.0,0.0,0.0,0.0,0,0.0
2025,14,Netherlands Grand Prix,Netherlands,20,SAR,SAR,Williams,17,20,0,+1 Lap,17,84.95688198070467,,,,,,32.107665027515964,39.45739907747549,65.24355050216909,0.0498033804767567,0,0,0,0.0,0.0,0.0,1.0,0,0.0
2025,15,Italy Grand Prix,Italy,1,VER,VER,Unknown,2,1,25,Finished,2,,,87.2487289188467,88.25249289828886,87.87495181352378,87.66007985122772,34.39531651086681,41.00894452142065,34.177716875534486,3.5081129548378747,0,25,0,16.4,0.4,0.6,0.0,6,259.0
2025,15,Italy Grand Prix,Italy,3,LEC,LEC,Ferrari,4,2,18,Finished,4,,,87.52867059554795,88.43271232158968,88.06300224508433,87.91268452978754,34.39531651086681,41.00894452142065,34.177716875534486,4.874379997507231,0,18,0,13.8,0.4,0.4,0.0,2,152.0
2025,15,Italy Grand Prix,Italy,2,NOR,NOR,McLaren,11,3,15,Finished,11,,87.72526647991911,,,,,34.39531651086681,41.00894452142065,34.177716875534486,22.228198098500247,0,15,0,13.6,0.2,0.6,0.2,3,192.0
2025,15,Italy Grand Prix,Italy,7,RUS,RUS,Mercedes,16,4,12,Finished,16,88.33822879037814,,,,,,34.39531651086681,41.00894452142065,34.177716875534486,17.909927798952474,0,12,0,8.6,0.0,0.4,0.0,1,120.0
2025,15,Italy Grand Prix,Italy,4,PIA,PIA,McLaren,5,5,10,Finished,5,,,87.55653234551733,88.1389764729193,87.8255827851123,87.7032430321837,34.39531651086681,41.00894452142065,34.177716875534486,22.695962847088353,0,10,0,11.2,0.0,0.4,0.0,0,140.0
2025,15,Italy Grand Prix,Italy,8,PER,PER,Force India,12,6,8,Finished,12,,87.67783325823243,,,,,34.39531651086681,41.00894452142065,34.177716875534486,9.569969110909696,0,8,0,1.8,0.0,0.0,0.0,0,30.0
2025,15,Italy Grand Prix,Italy,6,HAM,HAM,Mercedes,7,7,6,Finished,7,,,87.85086938620319,88.86748669169042,88.1412316137961,88.21243090131067,34.39531651086681,41.00894452142065,34.177716875534486,23.47671198625729,0,6,0,11.0,0.0,0.2,0.0,2,137.0
2025,15,Italy Grand Prix,Italy,5,SAI,SAI,Toro Rosso,10,8,4,Finished,10,,,88.23166092608705,89.10439777946708,88.55881918620979,88.40294126411857,34.39531651086681,41.00894452142065,34.177716875534486,17.366023972343196,0,4,0,5.4,0.0,0.2,0.0,0,106.0
2025,15,Italy Grand Prix,Italy,9,ALO,ALO,McLaren,13,9,2,Finished,13,,87.73359801726703,,,,,34.39531651086681,41.00894452142065,34.177716875534486,19.021283273269542,0,2,0,3.6,0.0,0.2,0.2,0,63.0
2025,15,Italy Grand Prix,Italy,10,STR,STR,Williams,8,10,1,Finished,8,,,87.89575219040367,88.3647023555267,88.05762165329283,88.26027916322299,34.39531651086681,41.00894452142065,34.177716875534486,10.808655660083682,0,1,0,1.2,0.0,0.0,0.0,0,46.0
2025,15,Italy Grand Prix,Italy,11,GAS,GAS,Alpine,17,11,0,Finished,17,88.33141670550006,,,,,,34.39531651086681,41.00894452142065,34.177716875534486,22.202954723350896,0,0,0,1.2,0.0,0.0,0.0,1,51.0
2025,15,Italy Grand Prix,Italy,12,OCO,OCO,Force India,15,12,0,Finished,15,,87.63219756409397,,,,,34.39531651086681,41.00894452142065,34.177716875534486,21.121783693880726,0,0,0,5.2,0.0,0.0,0.0,0,28.0
2025,15,Italy Grand Prix,Italy,14,RIC,RIC,Red Bull Racing,3,13,0,Finished,3,,,87.36920840625442,87.72973872882504,87.53565096202958,87.86871008166939,34.39531651086681,41.00894452142065,34.177716875534486,18.70459780122116,0,0,0,0.4,0.0,0.0,0.0,0,42.0
2025,15,Italy Grand Prix,Italy,15,HUL,HUL,Haas F1 Team,1,14,0,Finished,1,,,87.04901481773379,88.07501336545792,87.74963110743886,87.54794755156476,34.39531651086681,41.00894452142065,34.177716875534486,1.0087706714924927,0,0,0,2.4,0.0,0.0,0.0,0,12.0
2025,15,Italy Grand Prix,Italy,18,ZHO,ZHO,Kick Sauber,18,15,0,Finished,18,88.24943671494749,,,,,,34.39531651086681,41.00894452142065,34.177716875534486,7.819449730258851,0,0,0,0.2,0.0,0.0,0.0,0,19.0
2025,15,Italy Grand Prix,Italy,16,BOT,BOT,Kick Sauber,20,16,0,Finished,20,88.29579287424163,,,,,,34.39531651086681,41.00894452142065,34.177716875534486,15.593577121600227,0,0,0,0.0,0.0,0.0,0.0,0,0.0
2025,15,Italy Grand Prix,Italy,13,TSU,TSU,RB,14,17,0,Finished,14,,87.72977812869654,,,,,34.39531651086681,41.00894452142065,34.177716875534486,14.523759497204484,0,0,0,1.6,0.0,0.0,0.0,0,24.0
2025,15,Italy Grand Prix,Italy,19,ALB,ALB,Williams,6,18,0,Finished,6,,,87.75407691966952,88.9456881610287,88.38378803661752,88.00310913212253,34.39531651086681,41.00894452142065,34.177716875534486,9.730761792294713,0,0,0,0.8,0.0,0.0,0.2,0,4.0
2025,15,Italy Grand Prix,Italy,17,MAG,MAG,Haas F1 Team,19,19,0,+1 Lap,19,88.34042955008651,,,,,,34.39531651086681,41.00894452142065,34.177716875534486,5.29089746424653,0,0,0,0.2,0.0,0.0,0.0,0,27.0
2025,15,Italy Grand Prix,Italy,20,SAR,SAR,Williams,9,20,0,+1 Lap,9,,,88.01446545566999,89.21053345421899,88.80124799117755,88.35674447403834,34.39531651086681,41.00894452142065,34.177716875534486,17.8775040320925,0,0,0,0.0,0.0,0.0,1.0,0,0.0
2025,16,Azerbaijan Grand Prix,Azerbaijan,6,HAM,HAM,Mercedes,10,1,25,Finished,10,,,87.07571430710848,87.44975939895784,87.49742314715802,87.26362286772775,27.656847414462888,39.404710436136995,63.876580694184234,1.424468174934207,0,25,0,10.2,0.0,0.2,0.0,3,162.0
2025,16,Azerbaijan Grand Prix,Azerbaijan,13,TSU,TSU,RB,15,2,18,Finished,15,,86.51072056031872,,,,,27.656847414462888,39.404710436136995,63.876580694184234,16.680308429854527,0,18,0,0.0,0.0,0.0,0.0,0,42.0
2025,16,Azerbaijan Grand Prix,Azerbaijan,3,LEC,LEC,Ferrari,3,3,15,Finished,3,,,86.25881554608546,86.84130349313568,86.73543143984018,86.6868641813831,27.656847414462888,39.404710436136995,63.876580694184234,22.23798277609408,0,15,0,16.2,0.4,0.6,0.0,2,167.0
2025,16,Azerbaijan Grand Prix,Azerbaijan,2,NOR,NOR,McLaren,4,4,12,Finished,4,,,86.37428220288474,87.00860273924668,86.6108987649378,86.6445088447177,27.656847414462888,39.404710436136995,63.876580694184234,12.31422676883244,0,12,0,16.6,0.2,0.8,0.0,3,204.0
2025,16,Azerbaijan Grand Prix,Azerbaijan,1,VER,VER,Unknown,2,5,10,Finished,2,,,86.16940854561344,86.7946719467739,86.87126481798158,86.40247070604171,27.656847414462888,39.404710436136995,63.876580694184234,11.349747779992475,0,10,0,16.4,0.4,0.6,0.0,6,269.0
2025,16,Azerbaijan Grand Prix,Azerbaijan,4,PIA,PIA,McLaren,5,6,8,Finished,5,,,86.47705271661741,87.46325497942479,86.6652541361222,86.61544136375981,27.656847414462888,39.404710436136995,63.876580694184234,4.387290684533935,0,8,0,9.6,0.0,0.2,0.0,0,148.0
2025,16,Azerbaijan Grand Prix,Azerbaijan,9,ALO,ALO,McLaren,7,7,6,Finished,7,,,86.79569834057497,87.53636035642019,87.34702001457875,86.9491203671839,27.656847414462888,39.404710436136995,63.876580694184234,9.304331381172428,0,6,0,4.0,0.0,0.2,0.2,0,69.0
2025,16,Azerbaijan Grand Prix,Azerbaijan,8,PER,PER,Force India,18,8,4,Finished,18,87.29709041191377,,,,,,27.656847414462888,39.404710436136995,63.876580694184234,6.96607657787591,0,4,0,2.6,0.0,0.0,0.0,0,34.0
2025,16,Azerbaijan Grand Prix,Azerbaijan,5,SAI,SAI,Toro Rosso,9,9,2,Finished,9,,,86.93521786656501,87.9783577229696,87.23521316392764,87.40242356840402,27.656847414462888,39.404710436136995,63.876580694184234,14.281511748427434,0,2,0,5.8,0.0,0.2,0.0,0,108.0
2025,16,Azerbaijan Grand Prix,Azerbaijan,15,HUL,HUL,Haas F1 Team,14,10,1,Finished,14,,86.5725767418346,,,,,27.656847414462888,39.404710436136995,63.876580694184234,2.1754304575697185,0,1,0,2.4,0.0,0.0,0.0,0,13.0
2025,16,Azerbaijan Grand Prix,Azerbaijan,16,BOT,BOT,Kick Sauber,19,11,0,Finished,19,87.2703163894937,,,,,,27.656847414462888,39.404710436136995,63.876580694184234,5.4551883638043055,0,0,0,0.0,0.0,0.0,0.0,0,0.0
2025,16,Azerbaijan Grand Prix,Azerbaijan,10,STR,STR,Williams,8,R,0,Retired,8,,,86.8472971822302,87.93396177820486,87.12206544914835,87.0157584881633,27.656847414462888,39.404710436136995,63.876580694184234,21.76672585313794,0,0,1,1.4,0.0,0.0,0.0,0,46.0
2025,16,Azerbaijan Grand Prix,Azerbaijan,12,OCO,OCO,Force India,12,13,0,Finished,12,,86.62627374380934,,,,,27.656847414462888,39.404710436136995,63.876580694184234,2.3444131564254125,0,0,0,5.2,0.0,0.0,0.0,0,28.0
2025,16,Azerbaijan Grand Prix,Azerbaijan,19,ALB,ALB,Williams,6,14,0,Finished,6,,,86.64869209709161,87.38620953378505,87.39320985233145,86.71671870066443,27.656847414462888,39.404710436136995,63.876580694184234,5.188523405142586,0,0,0,0.8,0.0,0.0,0.2,0,4.0
2025,16,Azerbaijan Grand Prix,Azerbaijan,7,RUS,RUS,Mercedes,11,15,0,Finished,11,,86.61414251340837,,,,,27.656847414462888,39.404710436136995,63.876580694184234,12.18163385250127,0,0,0,8.0,0.0,0.2,0.0,1,120.0
2025,16,Azerbaijan Grand Prix,Azerbaijan,14,RIC,RIC,Red Bull Racing,13,16,0,Finished,13,,86.59016642607172,,,,,27.656847414462888,39.404710436136995,63.876580694184234,9.94664257543568,0,0,0,0.4,0.0,0.0,0.0,0,42.0
2025,16,Azerbaijan Grand Prix,Azerbaijan,17,MAG,MAG,Haas F1 Team,1,17,0,Finished,1,,,85.98413200452353,86.3115493222016,86.22724586524852,86.18731720477494,27.656847414462888,39.404710436136995,63.876580694184234,15.378228513529995,0,0,0,0.2,0.0,0.0,0.0,0,27.0
2025,16,Azerbaijan Grand Prix,Azerbaijan,11,GAS,GAS,Alpine,16,18,0,Finished,16,87.22251221607651,,,,,,27.656847414462888,39.404710436136995,63.876580694184234,0.8727888164055952,0,0,0,1.2,0.0,0.0,0.0,1,51.0
2025,16,Azerbaijan Grand Prix,Azerbaijan,18,ZHO,ZHO,Kick Sauber,17,19,0,+1 Lap,17,87.07448610062214,,,,,,27.656847414462888,39.404710436136995,63.876580694184234,5.936963918806438,0,0,0,0.0,0.0,0.0,0.0,0,19.0
2025,16,Azerbaijan Grand Prix,Azerbaijan,20,SAR,SAR,Williams,20,20,0,+1 Lap,20,87.30301467597772,,,,,,27.656847414462888,39.404710436136995,63.876580694184234,7.026243754172229,0,0,0,0.0,0.0,0.0,1.0,0,0.0
2025,17,Singapore Grand Prix,Singapore,2,NOR,NOR,McLaren,5,1,25,Finished,5,,,86.57610138658632,87.23566829271456,86.90485768068676,86.63096637422215,42.070185171556915,50.99112094060264,67.53848246055279,20.024517510084124,0,25,0,17.0,0.2,0.8,0.0,4,229.0
2025,17,Singapore Grand Prix,Singapore,13,TSU,TSU,RB,20,2,18,Finished,20,87.28412512224462,,,,,,42.070185171556915,50.99112094060264,67.53848246055279,24.51420567651809,0,18,0,3.6,0.0,0.2,0.0,0,60.0
2025,17,Singapore Grand Prix,Singapore,1,VER,VER,Unknown,8,3,15,Finished,8,,,86.96745746468527,87.29665656612774,87.52855981179418,87.25698880886343,42.070185171556915,50.99112094060264,67.53848246055279,4.313096923659051,0,15,0,17.6,0.4,0.6,0.0,6,284.0
2025,17,Singapore Grand Prix,Singapore,5,SAI,SAI,Toro Rosso,10,4,12,Finished,10,,,87.17088643529081,87.98206330287529,87.47833676475011,87.6431285131839,42.070185171556915,50.99112094060264,67.53848246055279,24.589180162841576,0,12,0,5.8,0.0,0.2,0.0,0,120.0
2025,17,Singapore Grand Prix,Singapore,4,PIA,PIA,McLaren,6,5,10,Finished,6,,,86.59048940016001,86.93580397443243,86.72742508066173,86.95189446533601,42.070185171556915,50.99112094060264,67.53848246055279,5.6630406509026425,0,10,0,8.8,0.0,0.2,0.0,0,158.0
2025,17,Singapore Grand Prix,Singapore,18,ZHO,ZHO,Kick Sauber,17,6,8,Finished,17,87.21517860182836,,,,,,42.070185171556915,50.99112094060264,67.53848246055279,20.588805665295475,0,8,0,0.0,0.0,0.0,0.0,0,27.0
2025,17,Singapore Grand Prix,Singapore,3,LEC,LEC,Ferrari,1,7,6,Finished,1,,,86.06305625492556,86.67879345332707,86.41684811251692,86.47562779147626,42.070185171556915,50.99112094060264,67.53848246055279,5.22648434267115,0,6,0,14.2,0.2,0.6,0.0,2,173.0
2025,17,Singapore Grand Prix,Singapore,7,RUS,RUS,Mercedes,4,8,4,Finished,4,,,86.4798335683768,86.85605307606458,86.9065187529959,86.74679301289073,42.070185171556915,50.99112094060264,67.53848246055279,5.530967411151599,0,4,0,6.4,0.0,0.2,0.0,1,124.0
2025,17,Singapore Grand Prix,Singapore,10,STR,STR,Williams,12,9,2,Finished,12,,86.72681478996205,,,,,42.070185171556915,50.99112094060264,67.53848246055279,23.3138719604828,0,2,0,1.4,0.0,0.0,0.2,0,48.0
2025,17,Singapore Grand Prix,Singapore,9,ALO,ALO,McLaren,13,10,1,Finished,13,,86.64364363437085,,,,,42.070185171556915,50.99112094060264,67.53848246055279,0.8164765196123969,0,1,0,1.6,0.0,0.0,0.2,0,70.0
2025,17,Singapore Grand Prix,Singapore,6,HAM,HAM,Mercedes,11,11,0,Finished,11,,86.54238533480446,,,,,42.070185171556915,50.99112094060264,67.53848246055279,17.868831911098646,0,0,0,12.2,0.2,0.2,0.0,3,162.0
2025,17,Singapore Grand Prix,Singapore,8,PER,PER,Force India,9,12,0,Finished,9,,,87.00047176598176,87.36207717329117,87.39283866305365,87.10283308430579,42.070185171556915,50.99112094060264,67.53848246055279,23.462053955353866,0,0,0,3.2,0.0,0.0,0.0,0,34.0
2025,17,Singapore Grand Prix,Singapore,19,ALB,ALB,Williams,15,13,0,Finished,15,,86.63747513899692,,,,,42.070185171556915,50.99112094060264,67.53848246055279,20.36677511774973,0,0,0,0.8,0.0,0.0,0.2,0,4.0
2025,17,Singapore Grand Prix,Singapore,16,BOT,BOT,Kick Sauber,14,14,0,Finished,14,,86.67801252268966,,,,,42.070185171556915,50.99112094060264,67.53848246055279,8.87244208716385,0,0,0,0.0,0.0,0.0,0.0,0,0.0
2025,17,Singapore Grand Prix,Singapore,14,RIC,RIC,Red Bull Racing,2,15,0,Finished,2,,,86.25619916550859,87.1485430073764,86.40527486325747,86.4840658574526,42.070185171556915,50.99112094060264,67.53848246055279,3.9203176329201423,0,0,0,0.4,0.0,0.0,0.0,0,42.0
2025,17,Singapore Grand Prix,Singapore,17,MAG,MAG,Haas F1 Team,18,16,0,Finished,18,87.2153953768455,,,,,,42.070185171556915,50.99112094060264,67.53848246055279,21.98325539196185,0,0,0,0.2,0.0,0.0,0.0,0,27.0
2025,17,Singapore Grand Prix,Singapore,11,GAS,GAS,Alpine,7,17,0,Finished,7,,,86.72622289010789,87.47840744855763,87.33826334190007,87.20737599412163,42.070185171556915,50.99112094060264,67.53848246055279,22.154544303233628,0,0,0,1.2,0.0,0.0,0.0,1,51.0
2025,17,Singapore Grand Prix,Singapore,12,OCO,OCO,Force India,16,18,0,Finished,16,87.28609729515547,,,,,,42.070185171556915,50.99112094060264,67.53848246055279,10.08026582959557,0,0,0,4.0,0.0,0.0,0.0,0,28.0
2025,17,Singapore Grand Prix,Singapore,15,HUL,HUL,Haas F1 Team,3,19,0,+1 Lap,3,,,86.31489485433202,87.22458911843749,86.71481538702618,86.69406826315144,42.070185171556915,50.99112094060264,67.53848246055279,3.6609064150704027,0,0,0,2.6,0.0,0.0,0.0,0,13.0
2025,17,Singapore Grand Prix,Singapore,20,SAR,SAR,Williams,19,20,0,+1 Lap,19,87.36471311642046,,,,,,42.070185171556915,50.99112094060264,67.53848246055279,9.476012134575877,0,0,0,0.0,0.0,0.0,1.0,0,0.0
2025,18,United States Grand Prix,United States,1,VER,VER,Unknown,3,1,25,Finished,3,,,87.783296895076,88.82521229760042,88.16119140862124,87.903639531895,36.05188383224677,45.89208955734082,55.70477212756299,9.011862628538847,0,25,0,17.0,0.4,0.6,0.0,7,309.0
2025,18,United States Grand Prix,United States,2,NOR,NOR,McLaren,7,2,18,Finished,7,,,88.28155606551341,89.18569980821964,88.57100682490065,88.36810940117641,36.05188383224677,45.89208955734082,55.70477212756299,3.905037698264982,0,18,0,19.0,0.4,0.8,0.0,4,247.0
2025,18,United States Grand Prix,United States,6,HAM,HAM,Mercedes,11,3,15,Finished,11,,88.152897388751,,,,,36.05188383224677,45.89208955734082,55.70477212756299,15.484749234162548,0,15,0,9.8,0.2,0.2,0.0,3,177.0
2025,18,United States Grand Prix,United States,8,PER,PER,Force India,8,4,12,Finished,8,,,88.40725353559533,89.07732496387787,88.80649405345852,88.60588163597127,36.05188383224677,45.89208955734082,55.70477212756299,21.2643632003779,0,12,0,3.2,0.0,0.0,0.0,0,46.0
2025,18,United States Grand Prix,United States,5,SAI,SAI,Toro Rosso,9,5,10,Finished,9,,,88.51975800654031,89.32032962990732,89.16541969753716,88.57704818534307,36.05188383224677,45.89208955734082,55.70477212756299,1.003471477134163,0,10,0,7.0,0.0,0.2,0.0,0,130.0
2025,18,United States Grand Prix,United States,4,PIA,PIA,McLaren,4,6,8,Finished,4,,,87.90434933775092,89.0052713764775,88.69872326081797,88.08667969573047,36.05188383224677,45.89208955734082,55.70477212756299,19.13408409645102,0,8,0,9.2,0.0,0.2,0.0,0,166.0
2025,18,United States Grand Prix,United States,7,RUS,RUS,Mercedes,12,7,6,Finished,12,,88.15195285247898,,,,,36.05188383224677,45.89208955734082,55.70477212756299,21.17218061072382,0,6,0,6.4,0.0,0.2,0.0,1,130.0
2025,18,United States Grand Prix,United States,14,RIC,RIC,Red Bull Racing,13,8,4,Finished,13,,88.10282989880062,,,,,36.05188383224677,45.89208955734082,55.70477212756299,17.063311488443038,0,4,0,0.0,0.0,0.0,0.0,0,46.0
2025,18,United States Grand Prix,United States,9,ALO,ALO,McLaren,18,9,2,Finished,18,88.61940946708589,,,,,,36.05188383224677,45.89208955734082,55.70477212756299,5.833320566233166,0,2,0,1.8,0.0,0.0,0.0,0,72.0
2025,18,United States Grand Prix,United States,3,LEC,LEC,Ferrari,5,10,1,Finished,5,,,88.07574344301808,88.93854059597709,88.6986982300084,88.22416469302603,36.05188383224677,45.89208955734082,55.70477212756299,3.274343574854352,0,1,0,10.4,0.0,0.4,0.0,2,174.0
2025,18,United States Grand Prix,United States,12,OCO,OCO,Force India,16,11,0,Finished,16,88.78700940827966,,,,,,36.05188383224677,45.89208955734082,55.70477212756299,23.22148874613914,0,0,0,2.0,0.0,0.0,0.0,0,28.0
2025,18,United States Grand Prix,United States,15,HUL,HUL,Haas F1 Team,14,12,0,Finished,14,,88.13890804667177,,,,,36.05188383224677,45.89208955734082,55.70477212756299,6.4647897783696004,0,0,0,2.6,0.0,0.0,0.0,0,13.0
2025,18,United States Grand Prix,United States,13,TSU,TSU,RB,6,13,0,Finished,6,,,88.12567129929847,88.80942982041994,88.6093729412081,88.25426253295183,36.05188383224677,45.89208955734082,55.70477212756299,16.595611871318127,0,0,0,7.2,0.0,0.4,0.0,0,60.0
2025,18,United States Grand Prix,United States,19,ALB,ALB,Williams,20,14,0,Finished,20,88.70627452877095,,,,,,36.05188383224677,45.89208955734082,55.70477212756299,14.097989168890592,0,0,0,0.8,0.0,0.0,0.0,0,4.0
2025,18,United States Grand Prix,United States,11,GAS,GAS,Alpine,1,15,0,Finished,1,,,87.49171286547727,87.87260203203981,88.01235126943862,87.69514422262327,36.05188383224677,45.89208955734082,55.70477212756299,10.164763433986806,0,0,0,1.2,0.0,0.0,0.0,1,51.0
2025,18,United States Grand Prix,United States,16,BOT,BOT,Kick Sauber,2,16,0,Finished,2,,,87.64265620630144,88.07160951913382,88.24295938975287,87.82466524594989,36.05188383224677,45.89208955734082,55.70477212756299,17.44581963762925,0,0,0,0.0,0.0,0.0,0.0,0,0.0
2025,18,United States Grand Prix,United States,10,STR,STR,Williams,10,17,0,Finished,10,,,88.60708727442221,89.51581223550767,89.18283050209881,89.08275336423665,36.05188383224677,45.89208955734082,55.70477212756299,0.02780235490468519,0,0,0,1.8,0.0,0.0,0.2,0,48.0
2025,18,United States Grand Prix,United States,17,MAG,MAG,Haas F1 Team,19,18,0,Finished,19,88.73178228971254,,,,,,36.05188383224677,45.89208955734082,55.70477212756299,14.836534567618095,0,0,0,0.0,0.0,0.0,0.0,0,27.0
2025,18,United States Grand Prix,United States,18,ZHO,ZHO,Kick Sauber,15,19,0,+1 Lap,15,,88.18088780894206,,,,,36.05188383224677,45.89208955734082,55.70477212756299,20.78795832780559,0,0,0,1.6,0.0,0.0,0.0,0,27.0
2025,18,United States Grand Prix,United States,20,SAR,SAR,Williams,17,20,0,+1 Lap,17,88.64790056900321,,,,,,36.05188383224677,45.89208955734082,55.70477212756299,18.223480002628932,0,0,0,0.0,0.0,0.0,1.0,0,0.0
2025,19,Mexico Grand Prix,Mexico,2,NOR,NOR,McLaren,3,1,25,Finished,3,,,83.04324191777329,83.44687347832897,83.76153343877165,83.27991346275789,24.208719778743873,31.753533094926475,30.64487348947627,16.492256823261858,0,25,0,19.0,0.4,0.8,0.0,5,272.0
2025,19,Mexico Grand Prix,Mexico,4,PIA,PIA,McLaren,2,2,18,Finished,2,,,82.9018814400171,83.59971151885512,83.4556448681826,82.97953227057596,24.208719778743873,31.753533094926475,30.64487348947627,23.512598821985065,0,18,0,10.8,0.0,0.2,0.0,0,184.0
2025,19,Mexico Grand Prix,Mexico,1,VER,VER,Unknown,8,3,15,Finished,8,,,83.70539446936178,84.14168355229475,84.13958580199802,84.02620749963722,24.208719778743873,31.753533094926475,30.64487348947627,10.03654447722608,0,15,0,17.0,0.4,0.6,0.0,7,324.0
2025,19,Mexico Grand Prix,Mexico,3,LEC,LEC,Ferrari,6,4,12,Finished,6,,,83.45461782135015,84.05889378977979,83.64339463713544,83.68090192410318,24.208719778743873,31.753533094926475,30.64487348947627,18.35914191230546,0,12,0,10.4,0.0,0.4,0.0,2,186.0
2025,19,Mexico Grand Prix,Mexico,5,SAI,SAI,Toro Rosso,5,5,10,Finished,5,,,83.41597745661379,84.50069921176625,83.91986458530617,83.62144384078934,24.208719778743873,31.753533094926475,30.64487348947627,13.506972329685526,0,10,0,8.6,0.0,0.2,0.0,0,140.0
2025,19,Mexico Grand Prix,Mexico,7,RUS,RUS,Mercedes,4,6,8,Finished,4,,,83.25699715767527,83.62834941384334,83.75309254989455,83.71560550311501,24.208719778743873,31.753533094926475,30.64487348947627,7.408145047495002,0,8,0,4.6,0.0,0.0,0.0,1,138.0
2025,19,Mexico Grand Prix,Mexico,14,RIC,RIC,Red Bull Racing,13,7,6,Finished,13,,83.4456765707218,,,,,24.208719778743873,31.753533094926475,30.64487348947627,18.878340436129896,0,6,0,0.8,0.0,0.0,0.0,0,52.0
2025,19,Mexico Grand Prix,Mexico,6,HAM,HAM,Mercedes,1,8,4,Finished,1,,,82.84634858972849,83.67431011618379,83.52625565938578,82.93243263029395,24.208719778743873,31.753533094926475,30.64487348947627,15.752328171541585,0,4,0,10.8,0.2,0.4,0.0,3,181.0
2025,19,Mexico Grand Prix,Mexico,19,ALB,ALB,Williams,19,9,2,Finished,19,84.07886098106474,,,,,,24.208719778743873,31.753533094926475,30.64487348947627,24.273506240115463,0,2,0,0.0,0.0,0.0,0.0,0,6.0
2025,19,Mexico Grand Prix,Mexico,8,PER,PER,Force India,10,10,1,Finished,10,,,83.95216562818946,84.41160379908983,84.55761187313212,84.02029411163956,24.208719778743873,31.753533094926475,30.64487348947627,12.90708247994185,0,1,0,5.6,0.0,0.0,0.0,0,47.0
2025,19,Mexico Grand Prix,Mexico,9,ALO,ALO,McLaren,9,11,0,Finished,9,,,83.83665799350402,84.7416836120688,84.27355255935748,84.25101175982367,24.208719778743873,31.753533094926475,30.64487348947627,0.5516537170572711,0,0,0,2.2,0.0,0.0,0.0,0,72.0
2025,19,Mexico Grand Prix,Mexico,15,HUL,HUL,Haas F1 Team,18,12,0,Finished,18,84.05694588812125,,,,,,24.208719778743873,31.753533094926475,30.64487348947627,3.3044914438467936,0,0,0,0.2,0.0,0.0,0.0,0,13.0
2025,19,Mexico Grand Prix,Mexico,16,BOT,BOT,Kick Sauber,7,13,0,Finished,7,,,83.64903734598971,84.29189400651084,83.7872331317876,83.96879485883613,24.208719778743873,31.753533094926475,30.64487348947627,9.580384148681292,0,0,0,0.0,0.0,0.0,0.0,0,0.0
2025,19,Mexico Grand Prix,Mexico,10,STR,STR,Williams,16,14,0,Finished,16,83.99945153561053,,,,,,24.208719778743873,31.753533094926475,30.64487348947627,20.658520273754668,0,0,0,1.8,0.0,0.0,0.2,0,48.0
2025,19,Mexico Grand Prix,Mexico,13,TSU,TSU,RB,15,15,0,Finished,15,,83.3605746261991,,,,,24.208719778743873,31.753533094926475,30.64487348947627,19.61013683031993,0,0,0,7.2,0.0,0.4,0.0,0,60.0
2025,19,Mexico Grand Prix,Mexico,11,GAS,GAS,Alpine,12,16,0,Finished,12,,83.50257226327956,,,,,24.208719778743873,31.753533094926475,30.64487348947627,15.12723796351346,0,0,0,0.0,0.0,0.0,0.0,1,51.0
2025,19,Mexico Grand Prix,Mexico,17,MAG,MAG,Haas F1 Team,11,17,0,Finished,11,,83.47806243495174,,,,,24.208719778743873,31.753533094926475,30.64487348947627,19.092306733758015,0,0,0,0.0,0.0,0.0,0.0,0,27.0
2025,19,Mexico Grand Prix,Mexico,18,ZHO,ZHO,Kick Sauber,20,18,0,Finished,20,83.97279694890922,,,,,,24.208719778743873,31.753533094926475,30.64487348947627,11.045842620048866,0,0,0,1.6,0.0,0.0,0.0,0,27.0
2025,19,Mexico Grand Prix,Mexico,12,OCO,OCO,Force India,17,19,0,+1 Lap,17,84.02611321891702,,,,,,24.208719778743873,31.753533094926475,30.64487348947627,12.792686177867521,0,0,0,0.4,0.0,0.0,0.0,0,28.0
2025,19,Mexico Grand Prix,Mexico,20,SAR,SAR,Williams,14,20,0,+1 Lap,14,,83.42869443062004,,,,,24.208719778743873,31.753533094926475,30.64487348947627,12.64241859453435,0,0,0,0.0,0.0,0.0,1.0,0,0.0
2025,20,Brazil Grand Prix,Brazil,5,SAI,SAI,Toro Rosso,10,1,25,Finished,10,,,87.05037864568602,87.58557836178286,87.44374827672799,87.3700633248389,30.478524596284288,41.1387088451625,73.90167564222284,7.204613148988237,1,25,0,7.6,0.0,0.0,0.0,1,165.0
2025,20,Brazil Grand Prix,Brazil,2,NOR,NOR,McLaren,8,2,18,Finished,8,,,86.85340883251833,87.15922675452907,87.30077628784889,87.03194052737133,30.478524596284288,41.1387088451625,73.90167564222284,0.5986566317620873,1,18,0,19.0,0.4,0.8,0.0,5,290.0
2025,20,Brazil Grand Prix,Brazil,1,VER,VER,Unknown,2,3,15,Finished,2,,,86.16046357306956,86.61743191346991,86.59061821659498,86.25160346938728,30.478524596284288,41.1387088451625,73.90167564222284,13.76329201490564,1,15,0,18.0,0.4,0.8,0.0,7,339.0
2025,20,Brazil Grand Prix,Brazil,6,HAM,HAM,Mercedes,3,4,12,Finished,3,,,86.25976498373282,86.92639395552438,86.72472889876444,86.71322358004387,30.478524596284288,41.1387088451625,73.90167564222284,0.5641127926336809,1,12,0,10.0,0.2,0.4,0.0,3,193.0
2025,20,Brazil Grand Prix,Brazil,4,PIA,PIA,McLaren,9,5,10,Finished,9,,,86.9840048431948,88.08559745311045,87.50186649958401,87.39857733367666,30.478524596284288,41.1387088451625,73.90167564222284,18.74649828220672,1,10,0,10.8,0.0,0.2,0.0,0,194.0
2025,20,Brazil Grand Prix,Brazil,3,LEC,LEC,Ferrari,4,6,8,Finished,4,,,86.4178145761752,87.53955189637607,86.91830065078075,86.54916789392827,30.478524596284288,41.1387088451625,73.90167564222284,4.966114422435145,1,8,0,10.4,0.0,0.4,0.0,2,194.0
2025,20,Brazil Grand Prix,Brazil,8,PER,PER,Force India,16,7,6,Finished,16,87.1659193179676,,,,,,30.478524596284288,41.1387088451625,73.90167564222284,2.039373140284148,1,6,0,5.0,0.0,0.0,0.0,0,53.0
2025,20,Brazil Grand Prix,Brazil,17,MAG,MAG,Haas F1 Team,5,8,4,Finished,5,,,86.45219245839061,86.83120187174296,86.67247308064097,86.73532733250877,30.478524596284288,41.1387088451625,73.90167564222284,7.082110087314433,1,4,0,0.0,0.0,0.0,0.0,0,31.0
2025,20,Brazil Grand Prix,Brazil,7,RUS,RUS,Mercedes,13,9,2,Finished,13,,86.67682105598865,,,,,30.478524596284288,41.1387088451625,73.90167564222284,23.31882347650783,1,2,0,6.0,0.0,0.0,0.0,1,140.0
2025,20,Brazil Grand Prix,Brazil,10,STR,STR,Williams,11,10,1,Finished,11,,86.59503037176148,,,,,30.478524596284288,41.1387088451625,73.90167564222284,14.114765973336588,1,1,0,0.6,0.0,0.0,0.2,0,49.0
2025,20,Brazil Grand Prix,Brazil,19,ALB,ALB,Williams,19,11,0,Finished,19,87.29039585005378,,,,,,30.478524596284288,41.1387088451625,73.90167564222284,21.99381005735859,1,0,0,0.4,0.0,0.0,0.0,0,6.0
2025,20,Brazil Grand Prix,Brazil,9,ALO,ALO,McLaren,15,12,0,Finished,15,,86.6721638991866,,,,,30.478524596284288,41.1387088451625,73.90167564222284,5.516276490543712,1,0,0,2.2,0.0,0.0,0.0,0,72.0
2025,20,Brazil Grand Prix,Brazil,15,HUL,HUL,Haas F1 Team,7,13,0,Finished,7,,,86.81683433949802,87.33199408516555,87.44746263420586,87.20883683473096,30.478524596284288,41.1387088451625,73.90167564222284,10.26706582525707,1,0,0,0.2,0.0,0.0,0.0,0,13.0
2025,20,Brazil Grand Prix,Brazil,14,RIC,RIC,Red Bull Racing,6,14,0,Finished,6,,,86.61486916842487,87.10359041811205,87.3984618847509,86.95539032810116,30.478524596284288,41.1387088451625,73.90167564222284,7.584638590728329,1,0,0,2.0,0.0,0.0,0.0,0,52.0
2025,20,Brazil Grand Prix,Brazil,12,OCO,OCO,Force India,17,15,0,Finished,17,87.25641320101565,,,,,,30.478524596284288,41.1387088451625,73.90167564222284,16.79272148110152,1,0,0,0.0,0.0,0.0,0.0,0,28.0
2025,20,Brazil Grand Prix,Brazil,16,BOT,BOT,Kick Sauber,20,16,0,Finished,20,87.25892010839414,,,,,,30.478524596284288,41.1387088451625,73.90167564222284,7.804743414228235,1,0,0,0.0,0.0,0.0,0.0,0,0.0
2025,20,Brazil Grand Prix,Brazil,11,GAS,GAS,Alpine,12,17,0,Finished,12,,86.70973020650386,,,,,30.478524596284288,41.1387088451625,73.90167564222284,4.9657903465467275,1,0,0,0.0,0.0,0.0,0.0,1,51.0
2025,20,Brazil Grand Prix,Brazil,13,TSU,TSU,RB,14,18,0,Finished,14,,86.56744721980311,,,,,30.478524596284288,41.1387088451625,73.90167564222284,22.424882234110278,1,0,0,7.2,0.0,0.4,0.0,0,60.0
2025,20,Brazil Grand Prix,Brazil,18,ZHO,ZHO,Kick Sauber,18,19,0,+1 Lap,18,87.19449451891037,,,,,,30.478524596284288,41.1387088451625,73.90167564222284,12.154341352622074,1,0,0,1.6,0.0,0.0,0.0,0,27.0
2025,20,Brazil Grand Prix,Brazil,20,SAR,SAR,Williams,1,20,0,+1 Lap,1,,,86.02964430027733,86.42775655435416,86.30362217492653,86.2222684800726,30.478524596284288,41.1387088451625,73.90167564222284,21.887216259897414,1,0,0,0.0,0.0,0.0,1.0,0,0.0
2025,21,Las Vegas Grand Prix,Las Vegas,1,VER,VER,Unknown,1,1,25,Finished,1,,,84.27804596806543,84.96552820688716,84.46144443846266,84.55862273739487,23.011934331704026,34.915162800711315,77.25120322902845,9.370623108749943,0,25,0,16.0,0.2,0.8,0.0,8,364.0
2025,21,Las Vegas Grand Prix,Las Vegas,5,SAI,SAI,Toro Rosso,3,R,0,Retired,3,,,84.51190121864903,85.37109878038916,85.11500389793257,84.61167283814196,23.011934331704026,34.915162800711315,77.25120322902845,24.85825756714287,0,0,1,11.8,0.2,0.2,0.0,1,165.0
2025,21,Las Vegas Grand Prix,Las Vegas,3,LEC,LEC,Ferrari,10,3,15,Finished,10,,,85.39529253178746,86.00241253656941,85.80622091660231,85.7493065798928,23.011934331704026,34.915162800711315,77.25120322902845,21.536142150533106,0,15,0,8.4,0.0,0.2,0.0,2,209.0
2025,21,Las Vegas Grand Prix,Las Vegas,7,RUS,RUS,Mercedes,2,4,12,Finished,2,,,84.36724984175837,85.44668194929955,84.47418732860217,84.7673706796758,23.011934331704026,34.915162800711315,77.25120322902845,24.721013532591577,0,12,0,4.0,0.0,0.0,0.0,1,152.0
2025,21,Las Vegas Grand Prix,Las Vegas,4,PIA,PIA,McLaren,4,5,10,Finished,4,,,84.63806211884105,85.61717454392621,84.91208553807036,84.93033985952017,23.011934331704026,34.915162800711315,77.25120322902845,21.43826519379809,0,10,0,10.8,0.0,0.2,0.0,0,204.0
2025,21,Las Vegas Grand Prix,Las Vegas,8,PER,PER,Force India,9,R,0,Retired,9,,,85.22473514625241,85.61236535066452,85.81919554401941,85.43024595989428,23.011934331704026,34.915162800711315,77.25120322902845,10.08702422567499,0,0,1,4.6,0.0,0.0,0.0,0,53.0
2025,21,Las Vegas Grand Prix,Las Vegas,2,NOR,NOR,McLaren,6,7,6,Finished,6,,,84.89176693622368,85.49536448418486,85.57103352199135,84.94203600869933,23.011934331704026,34.915162800711315,77.25120322902845,6.029130357694049,0,6,0,19.6,0.4,0.8,0.0,5,296.0
2025,21,Las Vegas Grand Prix,Las Vegas,13,TSU,TSU,RB,19,8,4,Finished,19,85.43200357616833,,,,,,23.011934331704026,34.915162800711315,77.25120322902845,7.2840268209436125,0,4,0,7.2,0.0,0.4,0.0,0,64.0
2025,21,Las Vegas Grand Prix,Las Vegas,17,MAG,MAG,Haas F1 Team,18,9,2,Finished,18,85.35531013371006,,,,,,23.011934331704026,34.915162800711315,77.25120322902845,2.670017600059091,0,2,0,0.8,0.0,0.0,0.0,0,33.0
2025,21,Las Vegas Grand Prix,Las Vegas,16,BOT,BOT,Kick Sauber,12,10,1,Finished,12,,84.80375663484708,,,,,23.011934331704026,34.915162800711315,77.25120322902845,8.010032153505373,0,1,0,0.0,0.0,0.0,0.0,0,1.0
2025,21,Las Vegas Grand Prix,Las Vegas,12,OCO,OCO,Force India,14,11,0,Finished,14,,84.88839731958768,,,,,23.011934331704026,34.915162800711315,77.25120322902845,22.73573759214691,0,0,0,0.0,0.0,0.0,0.0,0,28.0
2025,21,Las Vegas Grand Prix,Las Vegas,6,HAM,HAM,Mercedes,8,12,0,Finished,8,,,85.08315674914202,85.55427263882885,85.75803185733382,85.37824064114024,23.011934331704026,34.915162800711315,77.25120322902845,23.886204785951687,0,0,0,11.2,0.2,0.4,0.0,3,193.0
2025,21,Las Vegas Grand Prix,Las Vegas,9,ALO,ALO,McLaren,5,13,0,Finished,5,,,84.76862545842607,85.22055446363218,85.46638547592536,84.82457842423345,23.011934331704026,34.915162800711315,77.25120322902845,19.236064485538922,0,0,0,1.8,0.0,0.0,0.0,0,72.0
2025,21,Las Vegas Grand Prix,Las Vegas,19,ALB,ALB,Williams,16,14,0,Finished,16,85.44043399731737,,,,,,23.011934331704026,34.915162800711315,77.25120322902845,4.980492145926912,0,0,0,0.4,0.0,0.0,0.0,0,6.0
2025,21,Las Vegas Grand Prix,Las Vegas,11,GAS,GAS,Alpine,7,15,0,Finished,7,,,84.94544447842708,85.5847930163286,85.3207689476967,85.24049437452169,23.011934331704026,34.915162800711315,77.25120322902845,17.281166594649733,0,0,0,0.0,0.0,0.0,0.0,1,51.0
2025,21,Las Vegas Grand Prix,Las Vegas,15,HUL,HUL,Haas F1 Team,20,16,0,Finished,20,85.40422609679096,,,,,,23.011934331704026,34.915162800711315,77.25120322902845,18.48673083096818,0,0,0,0.2,0.0,0.0,0.0,0,13.0
2025,21,Las Vegas Grand Prix,Las Vegas,14,RIC,RIC,Red Bull Racing,15,17,0,Finished,15,,84.81548569266862,,,,,23.011934331704026,34.915162800711315,77.25120322902845,0.9952859861438457,0,0,0,2.0,0.0,0.0,0.0,0,52.0
2025,21,Las Vegas Grand Prix,Las Vegas,10,STR,STR,Williams,13,18,0,Finished,13,,84.88618840355511,,,,,23.011934331704026,34.915162800711315,77.25120322902845,1.0775027237081014,0,0,0,0.6,0.0,0.0,0.2,0,49.0
2025,21,Las Vegas Grand Prix,Las Vegas,18,ZHO,ZHO,Kick Sauber,17,19,0,+1 Lap,17,85.44131804479349,,,,,,23.011934331704026,34.915162800711315,77.25120322902845,24.53143943478192,0,0,0,1.6,0.0,0.0,0.0,0,27.0
2025,21,Las Vegas Grand Prix,Las Vegas,20,SAR,SAR,Williams,11,20,0,+1 Lap,11,,84.80597729849923,,,,,23.011934331704026,34.915162800711315,77.25120322902845,4.8004021185009185,0,0,0,0.0,0.0,0.0,1.0,0,0.0
2025,22,Abu Dhabi Grand Prix,Abu Dhabi,1,VER,VER,Unknown,15,1,25,Finished,15,,85.23908344899651,,,,,29.428244040573485,42.51092615273627,33.451846845568745,24.18177975925744,0,25,0,19.0,0.4,1.0,0.0,9,389.0
2025,22,Abu Dhabi Grand Prix,Abu Dhabi,8,PER,PER,Force India,1,2,18,Finished,1,,,84.71858817028917,85.66220068812437,85.48858255306702,84.96078544070131,29.428244040573485,42.51092615273627,33.451846845568745,22.44888040462548,0,18,0,3.8,0.0,0.0,0.2,0,71.0
2025,22,Abu Dhabi Grand Prix,Abu Dhabi,2,NOR,NOR,McLaren,16,3,15,Finished,16,86.02117700748039,,,,,,29.428244040573485,42.51092615273627,33.451846845568745,0.023585381690777174,0,15,0,18.4,0.4,0.8,0.0,5,311.0
2025,22,Abu Dhabi Grand Prix,Abu Dhabi,5,SAI,SAI,Toro Rosso,6,4,12,Finished,6,,,85.31881619837414,85.65415474485793,86.10291487459799,85.47787536118568,29.428244040573485,42.51092615273627,33.451846845568745,20.97749246999029,0,12,0,11.4,0.2,0.2,0.2,1,177.0
2025,22,Abu Dhabi Grand Prix,Abu Dhabi,4,PIA,PIA,McLaren,3,5,10,Finished,3,,,84.90267204372742,85.85797683732997,85.42284803079713,85.28173480893373,29.428244040573485,42.51092615273627,33.451846845568745,24.385259192118628,0,10,0,11.2,0.0,0.2,0.0,0,214.0
2025,22,Abu Dhabi Grand Prix,Abu Dhabi,9,ALO,ALO,McLaren,7,6,8,Finished,7,,,85.43673698404918,86.25294393607321,85.7758857629326,85.77854603465428,29.428244040573485,42.51092615273627,33.451846845568745,22.434932958039656,0,8,0,0.6,0.0,0.0,0.0,0,80.0
2025,22,Abu Dhabi Grand Prix,Abu Dhabi,3,LEC,LEC,Ferrari,4,7,6,Finished,4,,,85.05586923550405,86.09004007806756,85.57398790033555,85.28300521962889,29.428244040573485,42.51092615273627,33.451846845568745,21.36368483005451,0,6,0,8.4,0.0,0.2,0.0,2,215.0
2025,22,Abu Dhabi Grand Prix,Abu Dhabi,6,HAM,HAM,Mercedes,12,8,4,Finished,12,,85.27121837115492,,,,,29.428244040573485,42.51092615273627,33.451846845568745,21.188690826368408,0,4,0,6.2,0.0,0.2,0.0,3,197.0
2025,22,Abu Dhabi Grand Prix,Abu Dhabi,17,MAG,MAG,Haas F1 Team,11,9,2,Finished,11,,85.295847143499,,,,,29.428244040573485,42.51092615273627,33.451846845568745,4.912174173905279,0,2,0,1.2,0.0,0.0,0.0,0,35.0
2025,22,Abu Dhabi Grand Prix,Abu Dhabi,19,ALB,ALB,Williams,18,10,1,Finished,18,85.83310496441955,,,,,,29.428244040573485,42.51092615273627,33.451846845568745,21.44837284993322,0,1,0,0.4,0.0,0.0,0.0,0,7.0
2025,22,Abu Dhabi Grand Prix,Abu Dhabi,12,OCO,OCO,Force India,13,11,0,Finished,13,,85.27326522164729,,,,,29.428244040573485,42.51092615273627,33.451846845568745,6.47260686982849,0,0,0,0.0,0.0,0.0,0.0,0,28.0
2025,22,Abu Dhabi Grand Prix,Abu Dhabi,7,RUS,RUS,Mercedes,17,12,0,Finished,17,86.02327324970209,,,,,,29.428244040573485,42.51092615273627,33.451846845568745,13.311772697097435,0,0,0,6.4,0.0,0.0,0.0,1,152.0
2025,22,Abu Dhabi Grand Prix,Abu Dhabi,15,HUL,HUL,Haas F1 Team,19,13,0,Finished,19,86.03076331522037,,,,,,29.428244040573485,42.51092615273627,33.451846845568745,18.190778442492217,0,0,0,0.0,0.0,0.0,0.0,0,13.0
2025,22,Abu Dhabi Grand Prix,Abu Dhabi,11,GAS,GAS,Alpine,8,14,0,Finished,8,,,85.60147258702963,86.7318159684142,86.23502102784956,85.91774522303122,29.428244040573485,42.51092615273627,33.451846845568745,16.667141297312828,0,0,0,0.0,0.0,0.0,0.0,1,51.0
2025,22,Abu Dhabi Grand Prix,Abu Dhabi,14,RIC,RIC,Red Bull Racing,14,15,0,Finished,14,,85.37797495122835,,,,,29.428244040573485,42.51092615273627,33.451846845568745,4.938897641961956,0,0,0,2.0,0.0,0.0,0.0,0,52.0
2025,22,Abu Dhabi Grand Prix,Abu Dhabi,18,ZHO,ZHO,Kick Sauber,5,16,0,Finished,5,,,85.25547139113226,86.2801283487566,85.48551525942136,85.34370622158252,29.428244040573485,42.51092615273627,33.451846845568745,16.457685987651548,0,0,0,1.6,0.0,0.0,0.0,0,27.0
2025,22,Abu Dhabi Grand Prix,Abu Dhabi,16,BOT,BOT,Kick Sauber,2,17,0,Finished,2,,,84.76227948707404,85.56463355257543,85.10518112186259,85.23206994763102,29.428244040573485,42.51092615273627,33.451846845568745,12.559295499302387,0,0,0,0.2,0.0,0.0,0.0,0,1.0
2025,22,Abu Dhabi Grand Prix,Abu Dhabi,10,STR,STR,Williams,10,18,0,Finished,10,,,85.77099625896463,86.36609185358107,86.38698894873427,85.837517083532,29.428244040573485,42.51092615273627,33.451846845568745,8.408084856758338,0,0,0,0.6,0.0,0.0,0.0,0,49.0
2025,22,Abu Dhabi Grand Prix,Abu Dhabi,13,TSU,TSU,RB,9,19,0,+1 Lap,9,,,85.7355819348249,86.47209812359654,85.89536405593881,86.22318956033746,29.428244040573485,42.51092615273627,33.451846845568745,15.354656107975284,0,0,0,4.4,0.0,0.2,0.0,0,64.0
2025,22,Abu Dhabi Grand Prix,Abu Dhabi,20,SAR,SAR,Williams,20,20,0,+1 Lap,20,85.93148568207889,,,,,,29.428244040573485,42.51092615273627,33.451846845568745,2.6540088386866807,0,0,0,0.0,0.0,0.0,1.0,0,0.0
